<effect>
	<Name>Blend Phoenix (Background)</Name>
		<description>The shader compares the minimum value with base and blend and subtracts the maximum value from it by also comparing base and blend and adds 1.0 at the end.</description> 
			<author>Foxioo</author>
			<copyright>Copyright (C) 2024 Foxioo</copyright>
			<website>https://github.com/FoxiooOfficial</website>
				<BackgroundTexture>1</BackgroundTexture>
			
		<parameter>
			<name>/* Foxioo Blend Phoenix (Background) Shader | 1.0 (15.07.2024) */</name>
			<property>checkbox</property>

			<variable>_</variable>

			<description>The shader compares the minimum value with base and blend and subtracts the maximum value from it by also comparing base and blend and adds 1.0 at the end.</description>
		</parameter>

			<parameter>
				<name>Mixing</name>
				<variable>_Mixing</variable>
				
				<description>This variable is responsible for the visibility of the effect.</description>

				<type>float</type>

				<value>1</value>
			</parameter>

		<parameter>
			<name>/*  */</name>
			<property>checkbox</property>

			<variable>__</variable>
		</parameter>
</effect>