<effect>
	<Name>Color Accent (Switch)</Name>
		<description>Effect excludes colors by changing them to monochrome except for the selected one.</description> 
			<author>Foxioo</author>
			<copyright>Copyright (C) 2024-2025 Foxioo</copyright>
			<website>https://github.com/FoxiooOfficial</website>
				<BackgroundTexture>1</BackgroundTexture>
			
		<parameter>
			<name>/* Foxioo Color Accent (Switch) Shader | 1.0 (11.09.2025) */</name>
			<property>checkbox</property>

			<variable>_</variable>

			<description>Effect excludes colors by changing them to monochrome except for the selected one.</description> 
		</parameter>

			<parameter>
				<name>Blending Mode</name>
				<variable>_Blending_Mode</variable>
				
				<description>This variable determines what the base should be. Setting it to 0 sets the base as the texture of the object on which the effect is applied, and setting it to 1 sets this as the background.</description>

				<type>bool</type>
				<property>checkbox</property>

				<value>0</value>
			</parameter>

			<parameter>
				<name>Mixing</name>
				<variable>_Mixing</variable>
				
				<description>This variable is responsible for the visibility of the effect.</description>

				<type>float</type>

				<value>1.5</value>
			</parameter>

			<parameter>
				<name>Color</name>
				<variable>_Color</variable>
				
				<description>The variable defines the selected color. For more information on the effect, see the description of _Invert.</description>

				<type>int_float4</type>
				<property>color</property>

				<value>7587820</value>
			</parameter>

			<parameter>
				<name>Invert Accent</name>
				<variable>_Invert</variable>
				
				<description>This variable determines the mode in which the effect is to operate. Set to 0, colors other than the selected one will be monochrome. Set to 1, the selected color will be monochrome and the rest will remain unchanged (_Mixing in this case works in reverse).</description>

				<type>bool</type>
				<property>checkbox</property>

				<value>0</value>
			</parameter>

		<parameter>
			<name>( Compatibility )</name>
			<property>checkbox</property>
			<description>Here you will find options that have changed, but you can still achieve the previous effect.</description>

			<variable>__</variable>
		</parameter>
            <parameter>
                <name>Is Fusion Version Older Than 296?</name>
                <variable>_Is_Pre_296_Build</variable>
                <property>checkbox</property>
                
                <description>(Only applies to Android and iOS!) This variable determines whether to use the newer background formatting. In Clickteam Fusion 2.5 for build 295.10 and earlier, the background texture was flipped along the Y axis, but this was changed in build 296.1. Check this option if you are using an older build!</description>

                <type>int</type>

                <value>0</value>
            </parameter>

		<parameter>
			<name>/*  */</name>
			<property>checkbox</property>

			<variable>___</variable>
		</parameter>
</effect>