<effect>
	<Name>Correction With Hyperbolic Sinus (Switch)</Name>
		<description>Base or blend colors are reduced by the hyperbolic sinus function.</description> 
			<author>Foxioo</author>
			<copyright>Copyright (C) 2024 Foxioo</copyright>
			<website>https://github.com/FoxiooOfficial</website>
				<BackgroundTexture>1</BackgroundTexture>
			
		<parameter>
			<name>/* Foxioo Correction With Hyperbolic Sinus (Switch) Shader | 1.0 (30.06.2024) */</name>
			<property>checkbox</property>

			<variable>_</variable>

			<description>Base or blend colors are reduced by the hyperbolic sinus function.</description>
		</parameter>

			<parameter>
				<name>Blending Mode</name>
				<variable>_Blending_Mode</variable>
				
				<description>This variable manages which color will be reduced. Set to 0 is the blend color will be reduced and set to 1 is the base color will be reduced.</description>

				<type>bool</type>
				<property>checkbox</property>

				<value>0</value>
			</parameter>

			<parameter>
				<name>Mixing</name>
				<variable>_Mixing</variable>
				
				<description>This variable is responsible for the visibility of the effect.</description>

				<type>float</type>

				<value>1</value>
			</parameter>

		<parameter>
			<name>/*  */</name>
			<property>checkbox</property>

			<variable>__</variable>
		</parameter>
</effect>