<effect>
	<Name>Subtraction With Hyperbolic Tangent</Name>
		<description>Subtraction With Hyperbolic Tangent - Shader subtracts base and blend colors from each other then colors are calculated by hyperbolic tangent</description> 
			<author>Foxioo</author>
			<copyright>Copyright (C) 2024 Foxioo</copyright>
			<website>https://github.com/FoxiooOfficial</website>
				<BackgroundTexture>1</BackgroundTexture>
			
		<parameter>
			<name>/* Foxioo Subtraction With Hyperbolic Tangent (Background) Shader | 1.1 (23.06.2024) */</name>
			<property>checkbox</property>

			<variable>_</variable>

			<description>Shader subtracts base and blend colors from each other then colors are calculated by hyperbolic tangent</description>
		</parameter>

			<parameter>
				<name>Blending Mode</name>
				<variable>_Blending_Mode</variable>

				<description>This variable determines the color of the subtractor. When the option is off, the subtractor is the base colors, and when the option is on, the subtractor is the blend colors</description>

				<type>int</type>
				<property>checkbox</property>

				<value>1</value>
			</parameter>

			<parameter>
				<name>Mixing</name>
				<variable>_Mixing</variable>

				<description>This variable sets the intensity of base visibility</description>

				<type>float</type>

				<value>1</value>
			</parameter>

		<parameter>
			<name>/*  */</name>
			<property>checkbox</property>

			<variable>__</variable>
		</parameter>
</effect>