<effect>
	<Name>Deltarune Vessel Background (Switch)</Name>
		<description>This shader recreates the background effect used in the creation of Vessel in DELTARUNE (Chapter 1) created by Toby Fox.</description> 
			<author>Foxioo, Toby Fox</author>
			<copyright>Copyright (C) 2024-2025 Foxioo</copyright>
			<website>https://github.com/FoxiooOfficial</website>
				<BackgroundTexture>1</BackgroundTexture>
			
		<parameter>
			<name>/* Foxioo Deltarune Vessel Background (Switch) Shader | 1.0 (07.09.2025) */</name>
			<property>checkbox</property>

			<variable>_</variable>

			<description>This shader recreates the background effect used in the creation of Vessel in DELTARUNE (Chapter 1) created by Toby Fox.</description>
		</parameter>

		<parameter>
			<name>( Points Position )</name>
			<property>checkbox</property>
			<description>Here are the variables for changing the position of point.</description> 
			<variable>__</variable>
		</parameter>

			<parameter>
				<name>Point X</name>
				<variable>_PointX</variable>
				<description>A variable that determines point position in the X axis.</description>

				<type>float</type>

				<value>0.5</value>
			</parameter>

			<parameter>
				<name>Point Y</name>
				<variable>_PointY</variable>
				<description>A variable that determines point position in the Y axis.</description>

				<type>float</type>

				<value>0.5</value>
			</parameter>

				<parameter>
					<name>( Rendering Options )</name>
					<property>checkbox</property>
					<description>Here are the options for how the texture should be rendered.</description>
					<variable>___</variable>
				</parameter>


			<parameter>
				<name>Blending Mode</name>
				<variable>_Blending_Mode</variable>

				<description>This variable manages which color will be reduced. Set to 0 is the blend color will be reduced and set to 1 is the base color will be reduced.</description>
					
				<type>bool</type>
				<property>checkbox</property>
					
				<value>0</value>
			</parameter>

			<parameter>
				<name>Mixing</name>
				<variable>_Mixing</variable>
				
				<description>This variable is responsible for the visibility of the effect.</description>

				<type>float</type>

				<value>1</value>
			</parameter>

			<parameter>
				<name>Offset</name>
				<variable>_Offset</variable>
				
				<description>This variable determines the amount of scale shift; the closer it is to 0, the smaller the texture approximation.</description>

				<type>float</type>

				<value>0.25</value>
			</parameter>

			<parameter>
				<name>Time</name>
				<variable>_Time</variable>
				
				<description>This variable defines the positions of the looped effect.</description>

				<type>float</type>

				<value>0</value>
			</parameter>


		<parameter>
			<name>( Compatibility )</name>
			<property>checkbox</property>
			<description>Here you will find options that have changed, but you can still achieve the previous effect.</description>

			<variable>____</variable>
		</parameter>
            <parameter>
                <name>Is Fusion Version Older Than 296?</name>
                <variable>_Is_Pre_296_Build</variable>
                <property>checkbox</property>
                
                <description>(Only applies to Android and iOS!) This variable determines whether to use the newer background formatting. In Clickteam Fusion 2.5 for build 295.10 and earlier, the background texture was flipped along the Y axis, but this was changed in build 296.1. Check this option if you are using an older build!</description>

                <type>int</type>

                <value>0</value>
            </parameter>

        <parameter>
            <name>/* */</name>
            <property>checkbox</property>
            <variable>_____</variable>
        </parameter>

</effect>