<effect>
	<Name>Blend Color Green (Background)</Name>
		<description>Shader applies green colors from base to blend.</description> 
			<author>Foxioo</author>
			<copyright>Copyright (C) 2024 Foxioo</copyright>
			<website>https://github.com/FoxiooOfficial</website>
				<BackgroundTexture>1</BackgroundTexture>
			
		<parameter>
			<name>/* Foxioo Blend Color Green (Background) Shader | 1.0 (15.08.2024) */</name>
			<property>checkbox</property>

			<variable>_</variable>

			<description>Shader applies green colors from base to blend.</description>
		</parameter>

			<parameter>
				<name>Mixing</name>
				<variable>_Mixing</variable>
				
				<description>This variable is responsible for the visibility of the effect.</description>

				<type>float</type>

				<value>1</value>
			</parameter>

		<parameter>
			<name>/*  */</name>
			<property>checkbox</property>

			<variable>__</variable>
		</parameter>
</effect>