<effect>
	<Name>Subtraction With Cotangent (Background)</Name>
		<description>Base and blend colors are subtracted after which the colors are reduced by the cotangent function.</description> 
			<author>Foxioo</author>
			<copyright>Copyright (C) 2024-2025 Foxioo</copyright>
			<website>https://github.com/FoxiooOfficial</website>
				<BackgroundTexture>1</BackgroundTexture>
			
		<parameter>
			<name>/* Foxioo Subtraction With Cotangent (Background) Shader | 1.1 (23.09.2025) */</name>
			<property>checkbox</property>

			<variable>_</variable>

			<description>Base and blend colors are subtracted after which the colors are reduced by the cotangent function.</description>
		</parameter>

			<parameter>
				<name>Blending Mode</name>
				<variable>_Blending_Mode</variable>
				
				<description>This variable manages which color will be the subtracted. When this value is set to 0 then blend will subtract base and when set to 1 then base will subtract blend.</description>

				<type>bool</type>
				<property>checkbox</property>

				<value>1</value>
			</parameter>

			<parameter>
				<name>Mixing</name>
				<variable>_Mixing</variable>
				
				<description>This variable is responsible for the visibility of the effect.</description>

				<type>float</type>

				<value>1</value>
			</parameter>

			<parameter>
				<name>Background Multiplication</name>
				<variable>_Mul</variable>
				
				<description>This variable defines the background multiplication factor. In previous versions of FSP shaders, it was _Mixing, but this has now been fixed.</description>

				<type>float</type>

				<value>1</value>
			</parameter>

		<parameter>
			<name>( Compatibility )</name>
			<property>checkbox</property>
			<description>Here you will find options that have changed, but you can still achieve the previous effect.</description>

			<variable>__</variable>
		</parameter>
            <parameter>
                <name>Is Fusion Version Older Than 296?</name>
                <variable>_Is_Pre_296_Build</variable>
                <property>checkbox</property>
                
                <description>(Only applies to Android and iOS!) This variable determines whether to use the newer background formatting. In Clickteam Fusion 2.5 for build 295.10 and earlier, the background texture was flipped along the Y axis, but this was changed in build 296.1. Check this option if you are using an older build!</description>

                <type>int</type>

                <value>0</value>
            </parameter>

        <parameter>
            <name>/* */</name>
            <property>checkbox</property>
            <variable>___</variable>
        </parameter>

</effect>