<effect>
	<Name>Frutiger Aero (Background)</Name>
		<description>The effect gives a crystalline appearance in the style of Frutiger Aero.</description> 
			<author>Foxioo</author>
			<copyright>Copyright (C) 2024-2025 Foxioo</copyright>
			<website>https://github.com/FoxiooOfficial</website>
				<BackgroundTexture>1</BackgroundTexture>
			
		<parameter>
			<name>/* Foxioo Frutiger Aero (Background) Shader | 1.0 (17.08.2025) */</name>
			<property>checkbox</property>

			<variable>_</variable>

			<description>The effect gives a crystalline appearance in the style of Frutiger Aero.</description>
		</parameter>

			<parameter>
				<name>Mixing</name>
				<variable>_Mixing</variable>
				
				<description>This variable is responsible for the visibility of the effect.</description>

				<type>float</type>

				<value>1</value>
			</parameter>

			
					<parameter>
						<name>Color Light</name>
						<variable>_ColorLight</variable>
						
						<description>This variable specifies the color used for the lightest colors.</description>
		
						<type>int_float4</type>
						<property>color</property>
		
						<value>16777215</value>
					</parameter>

					
					<parameter>
						<name>Color</name>
						<variable>_Color</variable>
						
						<description>This variable specifies the color used for the average color.</description>
		
						<type>int_float4</type>
						<property>color</property>
		
						<value>16760832</value>
					</parameter>

					
					<parameter>
						<name>Color Shadow</name>
						<variable>_ColorShadow</variable>
						
						<description>This variable specifies the color used for the darkness color.</description>
		
						<type>int_float4</type>
						<property>color</property>
		
						<value>8404224</value>
					</parameter>

		<parameter>
			<name>( Compatibility )</name>
			<property>checkbox</property>
			<description>Here you will find options that have changed, but you can still achieve the previous effect.</description>

			<variable>__</variable>
		</parameter>
            <parameter>
                <name>Is Fusion Version Older Than 296?</name>
                <variable>_Is_Pre_296_Build</variable>
                <property>checkbox</property>
                
                <description>(Only applies to Android and iOS!) This variable determines whether to use the newer background formatting. In Clickteam Fusion 2.5 for build 295.10 and earlier, the background texture was flipped along the Y axis, but this was changed in build 296.1. Check this option if you are using an older build!</description>

                <type>int</type>

                <value>0</value>
            </parameter>

        <parameter>
            <name>/* */</name>
            <property>checkbox</property>
            <variable>___</variable>
        </parameter>


		<sampler>
			<index>0</index>
			<filter>point</filter>
			<addressU>border</addressU>
			<addressV>border</addressV>
			<bordercolor>0</bordercolor>
		</sampler>
</effect>