<effect>
	<Name>Krita Frect (Background)</Name>
		<description>(The effect comes from the Krita) The Frect Blending Mode Shader combines the Freeze and Reflect blending modes to produce a smooth and detailed result. When the sum of the layer values exceeds 1, it uses the Freeze blending mode; otherwise, it uses the Reflect blending mode.</description> 
			<author>Foxioo</author>
			<copyright>Copyright (C) 2024 Foxioo</copyright>
			<website>https://github.com/FoxiooOfficial</website>
				<BackgroundTexture>1</BackgroundTexture>
			
		<parameter>
			<name>/* Foxioo Krita Frect (Background) Shader | 1.0 (06.08.2024) */</name>
			<property>checkbox</property>

			<variable>_</variable>

			<description>(The effect comes from the Krita) The Frect Blending Mode Shader combines the Freeze and Reflect blending modes to produce a smooth and detailed result. When the sum of the layer values exceeds 1, it uses the Freeze blending mode; otherwise, it uses the Reflect blending mode.</description>
		</parameter>

			<parameter>
				<name>Mixing</name>
				<variable>_Mixing</variable>
				
				<description>This variable is responsible for the visibility of the effect.</description>

				<type>float</type>

				<value>1</value>
			</parameter>

		<parameter>
			<name>/*  */</name>
			<property>checkbox</property>

			<variable>__</variable>
		</parameter>
</effect>