<effect>
	<Name>Colorful Grayout Foilage (Switch)</Name>
		<description>Similar effect to CPU Foilage (Switch), but different material.</description> 
			<author>Foxioo</author>
			<copyright>Copyright (C) 2024-2025 Foxioo</copyright>
			<website>https://github.com/FoxiooOfficial</website>
				<BackgroundTexture>1</BackgroundTexture>
			
		<parameter>
			<name>/* Foxioo Colorful Grayout Foilage Shader | 1.0 (28.09.2025) */</name>
			<property>checkbox</property>

			<variable>_</variable>

			<description>Similar effect to CPU Foilage (Switch), but different material.</description>
		</parameter>

			<parameter>
				<name>Blending Mode</name>
				<variable>_Blending_Mode</variable>

				<description>This variable determines what the base should be. Setting it to 0 sets the base as the texture of the object on which the effect is applied, and setting it to 1 sets this as the background.</description>

				<type>int</type>
				<property>checkbox</property>

				<value>0</value>
			</parameter>

			<parameter>
				<name>Mixing</name>
				<variable>_Mixing</variable>

				<description>This variable is responsible for the visibility of the effect.</description>

				<type>float</type>

				<value>1</value>
			</parameter>

			<parameter>
				<name>Phase</name>
				<variable>_Phase</variable>

				<description>This variable determines phase scaling.</description>

				<type>float</type>

				<value>0.3</value>
			</parameter>

			<parameter>
				<name>Position X</name>
				<variable>_PosX</variable>
				
				<description>A variable that determines the position of the rainbow in the X axis.</description> 

				<type>float</type>

				<value>1</value>
			</parameter>


			<parameter>
				<name>Position Y</name>
				<variable>_PosY</variable>
				
				<description>A variable that determines the position of the rainbow in the Y axis.</description> 

				<type>float</type>

				<value>1</value>
			</parameter>

		<parameter>
			<name>( Compatibility )</name>
			<property>checkbox</property>
			<description>Here you will find options that have changed, but you can still achieve the previous effect.</description>

			<variable>__</variable>
		</parameter>
            <parameter>
                <name>Is Fusion Version Older Than 296?</name>
                <variable>_Is_Pre_296_Build</variable>
                <property>checkbox</property>
                
                <description>(Only applies to Android and iOS!) This variable determines whether to use the newer background formatting. In Clickteam Fusion 2.5 for build 295.10 and earlier, the background texture was flipped along the Y axis, but this was changed in build 296.1. Check this option if you are using an older build!</description>

                <type>int</type>

                <value>0</value>
            </parameter>

        <parameter>
            <name>/* */</name>
            <property>checkbox</property>
            <variable>___</variable>
        </parameter>

</effect>