<effect>
	<Name>Exclusion</Name>
		<description>Exclusion - (The effect comes from the Photoshop) Creates an effect similar to but lower in contrast than the Difference mode. Blending with white inverts the base color values. Blending with black produces no change</description> 
			<author>Foxioo</author>
			<copyright>Copyright (C) 2024 Foxioo</copyright>
			<website>https://github.com/FoxiooOfficial</website>
				<BackgroundTexture>1</BackgroundTexture>
				
		<parameter>
			<name>/* Foxioo Exclusion (Background) Shader | 1.1 (23.06.2024) */</name>
			<property>checkbox</property>

			<variable>_</variable>

			<description>(The effect comes from the Photoshop) Creates an effect similar to but lower in contrast than the Difference mode. Blending with white inverts the base color values. Blending with black produces no change</description>
		</parameter>
			
			<parameter>
				<name>Mixing</name>
				<variable>_Mixing</variable>
				
				<description>This variable sets the intensity of base visibility</description>

				<type>float</type>

				<value>1</value>
			</parameter>

		<parameter>
			<name>/*  */</name>
			<property>checkbox</property>

			<variable>__</variable>
		</parameter>
</effect>