<effect>
	<Name>Temperature (Switch)</Name>
		<description>Shader changes color temperature</description> 
			<author>Foxioo</author>
			<copyright>Copyright (C) 2024-2025 Foxioo</copyright>
			<website>https://github.com/FoxiooOfficial</website>
				<BackgroundTexture>1</BackgroundTexture>

		<parameter>
			<name>/* Foxioo Temperature (Switch) Shader | 1.4 (28.08.2025) */</name>
			<property>checkbox</property>

			<description>Shader changes color temperature</description>

			<variable>_</variable>
		</parameter>

			<parameter>
				<name>Blending Mode</name>
				<variable>_Blending_Mode</variable>

				<description>This variable determines what the base should be. Setting it to 0 sets the base as the texture of the object on which the effect is applied, and setting it to 1 sets this as the background.</description>

				<type>int</type>
				<property>checkbox</property>

				<value>0</value>
			</parameter>

			<parameter>
				<name>Mixing</name>
				<variable>_Mixing</variable>

				<description>This variable is responsible for the visibility of the effect.</description>

				<type>float</type>

				<value>1</value>
			</parameter>
			
			<parameter>
				<name>Temperature</name>
				<variable>_Temperature</variable>

				<description>This variable sets the color temperature</description>

				<type>float</type>

				<value>45</value>
			</parameter>
	
		<parameter>
			<name>( Compatibility )</name>
			<property>checkbox</property>
			<description>Here you will find options that have changed, but you can still achieve the previous effect.</description>

			<variable>__</variable>
		</parameter>
            <parameter>
                <name>Is Fusion Version Older Than 296?</name>
                <variable>_Is_Pre_296_Build</variable>
                <property>checkbox</property>
                
                <description>(Only applies to Android and iOS!) This variable determines whether to use the newer background formatting. In Clickteam Fusion 2.5 for build 295.10 and earlier, the background texture was flipped along the Y axis, but this was changed in build 296.1. Check this option if you are using an older build!</description>

                <type>int</type>

                <value>0</value>
            </parameter>

        <parameter>
            <name>/* */</name>
            <property>checkbox</property>
            <variable>___</variable>
        </parameter>


</effect>