<effect>
	<Name>Quad With Floor Reflections (Background)</Name>
		<description>This shader is a modification of the Quad shader created by Adam Hawker (aka Sketchy / MuddyMole) however, this shader contains “pseudo reflections” which emit reflections on the metal surface.</description> 
			<author>Foxioo and Adam Hawker (aka Sketchy / MuddyMole)</author>
			<copyright>Copyright (C) 2024-2025 Foxioo</copyright>
			<website>https://github.com/FoxiooOfficial</website>
				<BackgroundTexture>1</BackgroundTexture>
			
		<parameter>
			<name>/* Foxioo Quad With Floor Reflections (Background) | 1.0 (28.09.2025) */</name>
			<property>checkbox</property>

			<variable>_</variable>

			<description>This shader is a modification of the Quad shader created by Adam Hawker (aka Sketchy / MuddyMole) however, this shader contains “pseudo reflections” which emit reflections on the metal surface.</description>
		</parameter>

			<parameter>
				<name>Mixing</name>
				<variable>_Mixing</variable>
				
				<description>This variable is responsible for the visibility of the effect.</description>

				<type>float</type>

				<value>0.5</value>
			</parameter>

		<parameter>
				<name>xA (-X -Y)</name>
				<code>xA</code>
				<variable>xA</variable>
				<description>X of point A (Top left point)</description>
				<type>float</type>
				<property>edit</property>
				<value>0</value>
				<preview_value>0</preview_value>
		</parameter>
		<parameter>
				<name>yA (-X -Y)</name>
				<code>yA</code>
				<variable>yA</variable>
				<description>Y of point A (Top left point)</description>
				<type>float</type>
				<property>edit</property>
				<value>0</value>
				<preview_value>0</preview_value>
		</parameter>
		<parameter>
				<name>xB (+X -Y)</name>
				<code>xB</code>
				<variable>xB</variable>
				<description>X of point B (Top right point)</description>
				<type>float</type>
				<property>edit</property>
				<value>1</value>
				<preview_value>0.75</preview_value>
		</parameter>
		<parameter>
				<name>yB (+X -Y)</name>
				<code>yB</code>
				<variable>yB</variable>
				<description>Y of point B (Top right point)</description>
				<type>float</type>
				<property>edit</property>
				<value>0</value>
				<preview_value>0.25</preview_value>
		</parameter>
		<parameter>
				<name>xC (+X +Y)</name>
				<code>xC</code>
				<variable>xC</variable>
				<description>X of point C (Bottom right point)</description>
				<type>float</type>
				<property>edit</property>
				<value>1</value>
				<preview_value>1</preview_value>
		</parameter>
		<parameter>
				<name>yC (+X +Y)</name>
				<code>yC</code>
				<variable>yC</variable>
				<description>Y of point C (Bottom right point)</description>
				<type>float</type>
				<property>edit</property>
				<value>1</value>
				<preview_value>1</preview_value>
		</parameter>
		<parameter>
				<name>xD (-X +Y)</name>
				<code>xD</code>
				<variable>xD</variable>
				<description>X of point D (Bottom left point)</description>
				<type>float</type>
				<property>edit</property>
				<value>0</value>
				<preview_value>0.25</preview_value>
		</parameter>
		<parameter>
				<name>yD (-X +Y)</name>
				<code>yD</code>
				<variable>yD</variable>
				<description>Y of point D (Bottom left point)</description>
				<type>float</type>
				<property>edit</property>
				<value>1</value>
				<preview_value>0.75</preview_value>
		</parameter>

		<parameter>
			<name>( Compatibility )</name>
			<property>checkbox</property>
			<description>Here you will find options that have changed, but you can still achieve the previous effect.</description>

			<variable>__</variable>
		</parameter>
            <parameter>
                <name>Is Fusion Version Older Than 296?</name>
                <variable>_Is_Pre_296_Build</variable>
                <property>checkbox</property>
                
                <description>(Only applies to Android and iOS!) This variable determines whether to use the newer background formatting. In Clickteam Fusion 2.5 for build 295.10 and earlier, the background texture was flipped along the Y axis, but this was changed in build 296.1. Check this option if you are using an older build!</description>

                <type>int</type>

                <value>0</value>
            </parameter>

        <parameter>
            <name>/* */</name>
            <property>checkbox</property>
            <variable>___</variable>
        </parameter>

</effect>