<effect>
	<Name>Genshin Shader 3.0 Skin (Switch)</Name>
		<description>This shader is meant to mimic the character skin shader from the Genshin Impact game created by MiHoYo/HoYoverse. More information can be found at: https://www.youtube.com/watch?v=yM5wwLaARUI and https://space.bilibili.com/437528440</description> 
			<author>小二今天吃啥啊 (Xiao Er Jin Tian Chi Sha A), No_Tables, Port for Fusion created by Foxioo</author>
			<copyright>Copyright (C) 2024-2025 Foxioo</copyright>
			<website>https://github.com/FoxiooOfficial</website>
				<BackgroundTexture>1</BackgroundTexture>
			
		<parameter>
			<name>/* Foxioo Genshin Shader 3.0 Skin (Switch) Shader | 1.0 (12.02.2025) */</name>
			<property>checkbox</property>

			<variable>_</variable>

			<description>Shader created by: 小二今天吃啥啊 (Xiao Er Jin Tian Chi Sha A), No_Tables, Port for Fusion created by Foxioo. This shader is meant to mimic the character skin shader from the Genshin Impact game created by MiHoYo/HoYoverse. More information can be found at: https://www.youtube.com/watch?v=yM5wwLaARUI and https://space.bilibili.com/437528440</description>
		</parameter>

		<parameter>
			<name>( Rendering Options )</name>
			<property>checkbox</property>
			<description>Here are the options for how the texture should be rendered.</description>
			<variable>__</variable>
		</parameter>


			<parameter>
				<name>Blending Mode</name>
				<variable>_Blending_Mode</variable>

				<description>This variable determines what the base should be. Setting it to 0 sets the base as the texture of the object on which the effect is applied, and setting it to 1 sets this as the background.</description>

				<type>int</type>
				<property>checkbox</property>

				<value>0</value>
			</parameter>

			<parameter>
				<name>Mixing</name>
				<variable>_Mixing</variable>
				
				<description>This variable is responsible for the visibility of the effect.</description>

				<type>float</type>

				<value>1</value>
			</parameter>

		<parameter>
			<name>( No Lightmap Options )</name>
			<property>checkbox</property>
			<description>Here are the options for how the texture should be rendered.</description>
			<variable>_NoLightEffect</variable>
		</parameter>

			<parameter>
				<name>No LightMap (Start Gradient)</name>
				<variable>_NoLightMapStart</variable>

				<description></description>

				<type>float</type>

				<value>0.079</value>
			</parameter>

				<parameter>
				<name>No LightMap (End Gradient)</name>
				<variable>_NoLightMapEnd</variable>

				<description></description>

				<type>float</type>

				<value>0.271</value>
			</parameter>

			<parameter>
				<name>No LightMap (Start Color Gradient)</name>
				<variable>_NoLightMapColorStart</variable>

				<description></description>

				<type>float</type>

				<value>0.0</value>
			</parameter>

				<parameter>
				<name>No LightMap (End Color Gradient)</name>
				<variable>_NoLightMapColorEnd</variable>

				<description></description>

				<type>float</type>

				<value>1.0</value>
			</parameter>

		<parameter>
			<name>( Face Shadow Options )</name>
			<property>checkbox</property>
			<description>Here are the options for how the texture should be rendered.</description>
			<variable>___</variable>
		</parameter>

			<parameter>
				<name>Lum Mixing</name>
				<variable>_LumSize</variable>

				<description></description>

				<type>float</type>

				<value>1.3</value>
			</parameter>

			<parameter>
				<name>Face Color Mixing</name>
				<variable>_FaceColorMixing</variable>

				<description></description>

				<type>float</type>

				<value>0.3</value>
			</parameter>

			<parameter>
				<name>Face Color</name>
				<variable>_FaceColor</variable>
				
				<description>This variable sets what color the outline should be.</description>

				<type>int_float4</type>
				<property>color</property>

				<value>16777215</value>
			</parameter>

			<parameter>
				<name>Shadow Color</name>
				<variable>_ShadowColor</variable>
				
				<description>This variable sets what color the outline should be.</description>

				<type>int_float4</type>
				<property>color</property>

				<value>12635108</value>
			</parameter>

			<parameter>
				<name>Secound Shadow Color</name>
				<variable>_ShadowColorSecond</variable>
				
				<description>This variable sets what color the outline should be.</description>

				<type>int_float4</type>
				<property>color</property>

				<value>255</value>
			</parameter>

			<parameter>
				<name>Face Shadow Threshold</name>
				<variable>_FaceShadowThreshold</variable>

				<description></description>

				<type>float</type>

				<value>1.1</value>
			</parameter>

			<parameter>
				<name>Face Shadow Alpha</name>
				<variable>_FaceShadowAlpha</variable>

				<description></description>

				<type>float</type>

				<value>0.5</value>
			</parameter>

			<parameter>
				<name>Shadow Threshold</name>
				<variable>_ShadowThreshold</variable>

				<description></description>

				<type>float</type>

				<value>0.00016</value>
			</parameter>

			<parameter>
				<name>Face Shadow (Start Gradient)</name>
				<variable>_FaceShadowStart</variable>

				<description></description>

				<type>float</type>

				<value>0.0</value>
			</parameter>

			<parameter>
				<name>Face Shadow (End Gradient)</name>
				<variable>_FaceShadowEnd</variable>

				<description></description>

				<type>float</type>

				<value>0.249</value>
			</parameter>

			<parameter>
				<name>Face Shadow (Start Color Gradient)</name>
				<variable>_FaceShadowColorStart</variable>

				<description></description>

				<type>float</type>

				<value>0.0</value>
			</parameter>

			<parameter>
				<name>Face Shadow (End Color Gradient)</name>
				<variable>_FaceShadowColorEnd</variable>

				<description></description>

				<type>float</type>

				<value>1.0</value>
			</parameter>

		<parameter>
			<name>( RimLight Options )</name>
			<property>checkbox</property>
			<description>Here are the options for how the texture should be rendered.</description>
			<variable>___</variable>
		</parameter>

			<parameter>
				<name>RimLight Texture</name>
				<variable>_RimLightTexture</variable>
				
				<description>This variable is responsible for the visibility of the effect.</description>

				<type>image</type>
				<property>image</property>

				<value>RimLightFace.png</value>
			</parameter>

			<parameter>
				<name>RimLight Color</name>
				<variable>_RimLightColor</variable>
				
				<description>This variable sets what color the outline should be.</description>

				<type>int_float4</type>
				<property>color</property>
				<!--16777088-->
				<value>32</value>
			</parameter>

			<parameter>
				<name>Rimlight Size</name>
				<variable>_RimlightSize</variable>

				<description></description>

				<type>float</type>

				<value>0.9</value>
			</parameter>

		<parameter>
			<name>( Compatibility )</name>
			<property>checkbox</property>
			<description>Here you will find options that have changed, but you can still achieve the previous effect.</description>

			<variable>____</variable>
		</parameter>
            <parameter>
                <name>Is Fusion Version Older Than 296?</name>
                <variable>_Is_Pre_296_Build</variable>
                <property>checkbox</property>
                
                <description>(Only applies to Android and iOS!) This variable determines whether to use the newer background formatting. In Clickteam Fusion 2.5 for build 295.10 and earlier, the background texture was flipped along the Y axis, but this was changed in build 296.1. Check this option if you are using an older build!</description>

                <type>int</type>

                <value>0</value>
            </parameter>

        <parameter>
            <name>/* */</name>
            <property>checkbox</property>
            <variable>_____</variable>
        </parameter>

</effect>