<effect>
	<Name>Chroma Key Color (Texture)</Name>
		<description>This shader excludes the selected color causing the color to be invisible.</description> 
			<author>Foxioo</author>
			<copyright>Copyright (C) 2024 Foxioo</copyright>
			<website>https://github.com/FoxiooOfficial</website>
			
		<parameter>
			<name>/* Foxioo Chroma Key Color (Texture) Shader | 1.0 (08.08.2024) */</name>
			<property>checkbox</property>

			<variable>_</variable>

			<description>This shader excludes the selected color causing the color to be invisible.</description> 
		</parameter>

			<parameter>
				<name>Mixing</name>
				<variable>_Mixing</variable>
				
				<description>This variable is responsible for the visibility of the effect.</description>

				<type>float</type>

				<value>1</value>
			</parameter>

			<parameter>
				<name>Color Key</name>
				<variable>_ColorKey</variable>
				
				<description>This variable specifies which color to exclude.</description>

				<type>int_float4</type>
				<property>color</property>

				<value>65280</value>
			</parameter>

			<parameter>
				<name>Key Power</name>
				<variable>_PowerKey</variable>
				
				<description>This variable determines the strength of the exclusion.</description>

				<type>float</type>

				<value>3</value>
			</parameter>

		<parameter>
			<name>/*  */</name>
			<property>checkbox</property>

			<variable>__</variable>
		</parameter>
</effect>