<effect>
	<Name>Lighter Color</Name>
		<description>Lighter Color - (The effect comes from the Photoshop) Compares the total of all channel values for the blend and base color and displays the higher value color. Lighter Color does not produce a third color, which can result from the Lighten blend, because it chooses the highest channel values from both the base and blend color to create the result color</description> 
			<author>Foxioo</author>
			<copyright>Copyright (C) 2024 Foxioo</copyright>
			<website>https://github.com/FoxiooOfficial</website>
				<BackgroundTexture>1</BackgroundTexture>
				
	<parameter>
		<name>/* Foxioo Lighter Color (Background) Shader | 1.0 (22.06.2024) */</name>
		<property>checkbox</property>

		<variable>_</variable>

		<description>(The effect comes from the Photoshop) Compares the total of all channel values for the blend and base color and displays the higher value color. Lighter Color does not produce a third color, which can result from the Lighten blend, because it chooses the highest channel values from both the base and blend color to create the result color</description>
	</parameter>

			<parameter>
				<name>Mixing</name>
				<variable>_Mixing</variable>

				<description>This variable sets the intensity of base visibility</description>

				<type>float</type>

				<value>1</value>
			</parameter>

	<parameter>
		<name>/*  */</name>
		<property>checkbox</property>
		
		<variable>__</variable>
	</parameter>

</effect>