<effect>
	<Name>Duo Recolor Monochrome Tint-To-White (Switch)</Name>
		<description>The effect converts colors to monochrome, but the darker the luminance, the closer the output color will be to the selected color, and the higher the luminance, the closer the output color will be to white.</description> 
			<author>Foxioo</author>
			<copyright>Copyright (C) 2024-2025 Foxioo</copyright>
			<website>https://github.com/FoxiooOfficial</website>
				<BackgroundTexture>1</BackgroundTexture>
			
		<parameter>
			<name>/* Foxioo Duo Recolor Monochrome Tint-To-White (Switch) Shader | 1.0 (13.09.2025) */</name>
			<property>checkbox</property>

			<variable>_</variable>

			<description>The effect converts colors to monochrome, but the darker the luminance, the closer the output color will be to the selected color, and the higher the luminance, the closer the output color will be to white.</description> 
		</parameter>

			<parameter>
				<name>Blending Mode</name>
				<variable>_Blending_Mode</variable>
				
				<description>This variable determines what the base should be. Setting it to 0 sets the base as the texture of the object on which the effect is applied, and setting it to 1 sets this as the background.</description>

				<type>bool</type>
				<property>checkbox</property>

				<value>0</value>
			</parameter>

			<parameter>
				<name>Mixing</name>
				<variable>_Mixing</variable>
				
				<description>This variable is responsible for the visibility of the effect.</description>

				<type>float</type>

				<value>1</value>
			</parameter>

			<parameter>
				<name>Color</name>
				<variable>_Color</variable>
				
				<description>This variable specifies the selected color for the monochrome output.</description>

				<type>int_float4</type>
				<property>color</property>

				<value>65535</value>
			</parameter>

			<parameter>
				<name>Color Shadow</name>
				<variable>_ColorShadow</variable>
				
				<description>This variable specifies the selected color for the monochrome output. Decides what color should appear for darker colors.</description>

				<type>int_float4</type>
				<property>color</property>

				<value>255</value>
			</parameter>

		<parameter>
			<name>( Compatibility )</name>
			<property>checkbox</property>
			<description>Here you will find options that have changed, but you can still achieve the previous effect.</description>

			<variable>__</variable>
		</parameter>
            <parameter>
                <name>Is Fusion Version Older Than 296?</name>
                <variable>_Is_Pre_296_Build</variable>
                <property>checkbox</property>
                
                <description>(Only applies to Android and iOS!) This variable determines whether to use the newer background formatting. In Clickteam Fusion 2.5 for build 295.10 and earlier, the background texture was flipped along the Y axis, but this was changed in build 296.1. Check this option if you are using an older build!</description>

                <type>int</type>

                <value>0</value>
            </parameter>

		<parameter>
			<name>/*  */</name>
			<property>checkbox</property>

			<variable>___</variable>
		</parameter>
</effect>