<effect>
	<Name>Glow</Name>
		<description>Glow - (The effect comes from the Paint.NET) This is the reverse of the Reflect</description> 
			<author>Foxioo</author>
			<copyright>Copyright (C) 2024 Foxioo</copyright>
			<website>https://github.com/FoxiooOfficial</website>
				<BackgroundTexture>1</BackgroundTexture>			

		<parameter>
			<name>/* Foxioo Glow (Background) Shader | 1.0 (23.06.2024) */</name>
			<property>checkbox</property>

				<variable>_</variable>

			<description>This is the reverse of the Reflect</description>
		</parameter>
			
			<parameter>
				<name>Mixing</name>
				<variable>_Mixing</variable>
				
				<description>This variable sets the intensity of background visibility</description>

				<type>float</type>

				<value>1</value>
			</parameter>
	
		<parameter>
			<name>/*  */</name>
			<property>checkbox</property>

				<variable>__</variable>

		</parameter>

</effect>