<effect>
	<Name>Division With Sinus (Background)</Name>
		<description>Base and blend colors are divided after which the colors are reduced by the sinus function.</description> 
			<author>Foxioo</author>
			<copyright>Copyright (C) 2024 Foxioo</copyright>
			<website>https://github.com/FoxiooOfficial</website>
				<BackgroundTexture>1</BackgroundTexture>
			
		<parameter>
			<name>/* Foxioo Division With Sinus (Background) Shader | 1.2 (28.06.2024) */</name>
			<property>checkbox</property>

			<variable>_</variable>

			<description>Base and blend colors are divided after which the colors are reduced by the sinus function.</description>
		</parameter>

			<parameter>
				<name>Blending Mode</name>
				<variable>_Blending_Mode</variable>
				
				<description>This variable manages which color will be the divider. When this value is set to 0 then blend will divide base and when set to 1 then base will divide blend.</description>

				<type>bool</type>
				<property>checkbox</property>

				<value>1</value>
			</parameter>

			<parameter>
				<name>Mixing</name>
				<variable>_Mixing</variable>
				
				<description>This variable is responsible for the visibility of the effect.</description>

				<type>float</type>

				<value>1</value>
			</parameter>

		<parameter>
			<name>/*  */</name>
			<property>checkbox</property>

			<variable>__</variable>
		</parameter>
</effect>