<effect>
	<Name>Liquid Wave Bending (Switch)</Name>
		<description>The shader modifies the texture coordinates to give an effect similar to a liquid wave pattern.</description> 
			<author>Foxioo</author>
			<copyright>Copyright (C) 2024-2025 Foxioo</copyright>
			<website>https://github.com/FoxiooOfficial</website>
				<BackgroundTexture>1</BackgroundTexture>
			
		<parameter>
			<name>/* Foxioo Genshin Impact Natlan Outline (Background) Shader | 1.0 (20.09.2025) */</name>
			<property>checkbox</property>

			<variable>_</variable>

			<description>The shader modifies the texture coordinates to give an effect similar to a liquid wave pattern.</description>
		</parameter>

		<parameter>
			<name>( Position )</name>
			<property>checkbox</property>
			<description>Here are the variables for changing the position in the noise.</description>
			<variable>__</variable>
		</parameter>

			<parameter>
				<name>Position X</name>
				<variable>_PosX</variable>
				<description>A variable that determines the position of the noise in the X axis.</description> 

				<type>float</type>

				<value>0</value>
			</parameter>


			<parameter>
				<name>Position Y</name>
				<variable>_PosY</variable>
				<description>A variable that determines the position of the noise in the Y axis.</description> 

				<type>float</type>

				<value>0</value>
			</parameter>

		<parameter>
			<name>( Points )</name>
			<property>checkbox</property>
			<description>Here are the variables for changing the position of point.</description> 
			<variable>___</variable>
		</parameter>

			<parameter>
				<name>Point X</name>
				<variable>_PointX</variable>
				<description>A variable that determines point position in the X axis.</description>

				<type>float</type>

				<value>0.5</value>
			</parameter>

			<parameter>
				<name>Point Y</name>
				<variable>_PointY</variable>
				<description>A variable that determines point position in the Y axis.</description>

				<type>float</type>

				<value>0.5</value>
			</parameter>

		<parameter>
			<name>( Scale )</name>
			<property>checkbox</property>
			<description>Here are the variables that determine the scale and offset of the noise.</description>
			<variable>____</variable>
		</parameter>

			<parameter>
				<name>Scale</name>
				<variable>_Scale</variable>
				<description>This variable determines the overall scale of the noise (in X and Y axes).</description>

				<type>float</type>

				<value>1</value>
			</parameter>


			<parameter>
				<name>Scale X</name>
				<variable>_ScaleX</variable>
				<description>This variable determines the scale of the noise in the X axis.</description>

				<type>float</type>

				<value>1</value>
			</parameter>

			<parameter>
				<name>Scale Y</name>
				<variable>_ScaleY</variable>
				<description>This variable determines the scale of the noise in the X axis.</description>

				<type>float</type>

				<value>1</value>
			</parameter>

		<parameter>
			<name>( Rendering Options )</name>
			<property>checkbox</property>
			<description>Here are the options for how the texture should be rendered.</description>
			<variable>_____</variable>
		</parameter>

			<parameter>
				<name>Looping Mode!</name>
				<variable>_Looping_Mode</variable>
				<description>This variable determines how the texture is to be looped: 0 - REPEAT (Repeats the texture image); 1 - MIRRORED REPEAT (Repeats the texture image, but reflects the image at each repetition); 2 - CLAMP TO EDGE (Extends the texture after crossing coordinates 0 and 1); 3 - CLAMP TO BORDER (After crossing coordinates 0 and 1, the texture will be invisible). For more information, visit: https://learnopengl.com/Getting-started/Textures</description>
				<!-- For more information, visit: https://learnopengl.com/Getting-started/Textures -->

				<type>int</type>
				<property>SLIDER</property>

				<value>3</value>
				<min>0</min>
				<max>3</max>
			</parameter>

			<parameter>
				<name>Blending Mode</name>
				<variable>_Blending_Mode</variable>

				<description>This variable determines what the base should be. Setting it to 1 sets the base as the texture of the object on which the effect is applied, and setting it to 0 sets this as the background.</description>

				<type>int</type>
				<property>checkbox</property>

				<value>0</value>
			</parameter>

			<parameter>
				<name>Mixing</name>
				<variable>_Mixing</variable>
				
				<description>This variable is responsible for the visibility of the effect.</description>

				<type>float</type>

				<value>1</value>
			</parameter>

			<parameter>
				<name>Seed</name>
				<variable>_Seed</variable>
				
				<description>This variable is responsible for the noise that is used for the pattern.</description>

				<type>float</type>

				<value>1</value>
			</parameter>

		<parameter>
				<name>Offset X</name>
				<variable>_OffsetX</variable>
				
				<description>This variable moves the texture along the X-Axis.</description>

				<type>float</type>

				<value>1</value>
			</parameter>

			<parameter>
				<name>Offset Y</name>
				<variable>_OffsetY</variable>
				
				<description>This variable moves the texture along the Y-Axis.</description>

				<type>float</type>

				<value>1</value>
			</parameter>


		<parameter>
			<name>( Compatibility )</name>
			<property>checkbox</property>
			<description>Here you will find options that have changed, but you can still achieve the previous effect.</description>

			<variable>______</variable>
		</parameter>
            <parameter>
                <name>Is Fusion Version Older Than 296?</name>
                <variable>_Is_Pre_296_Build</variable>
                <property>checkbox</property>
                
                <description>(Only applies to Android and iOS!) This variable determines whether to use the newer background formatting. In Clickteam Fusion 2.5 for build 295.10 and earlier, the background texture was flipped along the Y axis, but this was changed in build 296.1. Check this option if you are using an older build!</description>

                <type>int</type>

                <value>0</value>
            </parameter>

        <parameter>
            <name>/* */</name>
            <property>checkbox</property>
            <variable>_______</variable>
        </parameter>

		<sampler>
			<index>0</index>
			<filter>point</filter>
			<addressU>border</addressU>
			<addressV>border</addressV>
			<bordercolor>0</bordercolor>
		</sampler>
</effect>