<effect>
	<Name>Segmented Liquid-Crystal Display (Switch)</Name>
		<description>The shader simulates the effect of a segmented liquid crystal display.</description> 
			<author>Foxioo</author>
			<copyright>Copyright (C) 2024-2025 Foxioo</copyright>
			<website>https://github.com/FoxiooOfficial</website>
				<BackgroundTexture>1</BackgroundTexture>
			
		<parameter>
			<name>/* Foxioo Segmented Liquid-Crystal Display (Switch) Shader | 1.0 (19.09.2025) */</name>
			<property>checkbox</property>

			<variable>_</variable>

			<description>The shader simulates the effect of a segmented liquid crystal display.</description>
		</parameter>

			<parameter>
				<name>Blending Mode</name>
				<variable>_Blending_Mode</variable>
			
				<description>This variable determines what the base should be. Setting it to 0 sets the base as the texture of the object on which the effect is applied, and setting it to 1 sets this as the background.</description>
			
				<type>int</type>
				<property>checkbox</property>
			
				<value>0</value>
			</parameter>

			<parameter>
				<name>Mixing</name>
				<variable>_Mixing</variable>
				
				<description>This variable is responsible for the visibility of the effect.</description>

				<type>float</type>

				<value>1</value>
			</parameter>

			<parameter>
				<name>_Threshold</name>
				<variable>_Threshold</variable>
				
				<description>This variable determines the intersection of luminance where a lighter color should be visible and where a darker color should be visible..</description>

				<type>float</type>

				<value>0.35</value>
			</parameter>

			<parameter>
				<name>_Negative</name>
				<variable>_Negative</variable>
				
				<description>This variable reverses colors.</description>

				<type>int</type>
				<property>checkbox</property>
			
				<value>0</value>
			</parameter>		

			<parameter>
				<name>Color Light</name>
				<variable>_ColorLight</variable>
				
				<description>Determines what color should be used when brightness is at its highest.</description>

				<type>int_float4</type>
				<property>color</property>

				<value>1513239</value>
			</parameter>

			<parameter>
				<name>Color Shadow</name>
				<variable>_ColorShadow</variable>
				
				<description>Determines what color should be used when lightness is at its lowest.</description>

				<type>int_float4</type>
				<property>color</property>

				<value>9347243</value>
			</parameter>

		<parameter>
			<name>( Compatibility )</name>
			<property>checkbox</property>
			<description>Here you will find options that have changed, but you can still achieve the previous effect.</description>

			<variable>__</variable>
		</parameter>
            <parameter>
                <name>Is Fusion Version Older Than 296?</name>
                <variable>_Is_Pre_296_Build</variable>
                <property>checkbox</property>
                
                <description>(Only applies to Android and iOS!) This variable determines whether to use the newer background formatting. In Clickteam Fusion 2.5 for build 295.10 and earlier, the background texture was flipped along the Y axis, but this was changed in build 296.1. Check this option if you are using an older build!</description>

                <type>int</type>

                <value>0</value>
            </parameter>

        <parameter>
            <name>/* */</name>
            <property>checkbox</property>
            <variable>___</variable>
        </parameter>

</effect>