<effect>
	<Name>Mangaish (Switch)</Name>
		<description>(Special thanks to KYwoo for the idea and telling me what to improve for a better effect) The shader changes the colors from the texture, giving the effect of a manga image.</description> 
			<author>Foxioo, KYwoo</author>
			<copyright>Copyright (C) 2024-2025 Foxioo</copyright>
			<website>https://github.com/FoxiooOfficial</website>
				<BackgroundTexture>1</BackgroundTexture>
			
		<parameter>
			<name>/* Foxioo Mangaish (Switch) Shader | 1.0 (31.08.2025) */</name>
			<property>checkbox</property>

			<variable>_</variable>

			<description>(Special thanks to KYwoo for the idea and telling me what to improve for a better effect) The shader changes the colors from the texture, giving the effect of a manga image.</description>
		</parameter>

			<parameter>
				<name>Blending Mode</name>
				<variable>_Blending_Mode</variable>

				<description>This variable determines what the base should be. Setting it to 0 sets the base as the texture of the object on which the effect is applied, and setting it to 1 sets this as the background.</description>

				<type>int</type>
				<property>checkbox</property>

				<value>0</value>
			</parameter>

			<parameter>
				<name>Mixing</name>
				<variable>_Mixing</variable>
				
				<description>This variable is responsible for the visibility of the effect.</description>

				<type>float</type>

				<value>1</value>
			</parameter>

			<parameter>
				<name>Degree of change in Manga style</name>
				<variable>_MixingManga</variable>
				
				<description>This variable defines the transition between one color and multiple colors for the background.</description>

				<type>float</type>

				<value>0.5</value>
			</parameter>

			<parameter>
				<name>Color Steps</name>
				<variable>_ColorSteps</variable>
				
				<description>This change sets how many levels of brightness there should be for a given color. A setting value of 255 gives no effect. (Range from 0 to 255)</description>

				<type>float</type>

				<value>4.5</value>
			</parameter>

			<parameter>
				<name>Dots Luminance Steps</name>
				<variable>_DotsLumSteps</variable>
				
				<description>(Applies to calculations for dot patterns) This change sets how many levels of brightness there should be for a given color. A setting value of 255 gives no effect. (Range from 0 to 255)</description>

				<type>float</type>

				<value>255.0</value>
			</parameter>

			
			<parameter>
				<name>Multiply Luminance</name>
				<variable>_LumMult</variable>
				
				<description>This variable defines the multiplication of luminance.</description>

				<type>float</type>

				<value>1.0</value>
			</parameter>

			<parameter>
				<name>Color Light</name>
				<variable>_ColorLight</variable>
				
				<description>Determines what color should be used when brightness is at its highest.</description>

				<type>int_float4</type>
				<property>color</property>

				<value>16777215</value>
			</parameter>


			<parameter>
				<name>Color Shadow</name>
				<variable>_ColorShadow</variable>
				
				<description>Determines what color should be used when lightness is at its lowest.</description>

				<type>int_float4</type>
				<property>color</property>

				<value>0</value>
			</parameter>

			<parameter>
				<name>Anti-aliasing Size</name>
				<variable>_DotsAntialiasing</variable>
				
				<description>This variable determines the level of Anti-Aliasing visibility. For 0, there is no visibility, and for 0.1, there is sufficient visibility.</description>

				<type>float</type>

				<value>0.1</value>
			</parameter>

			<parameter>
				<name>Transparency Of Dots</name>
				<variable>_DotsTranparent</variable>
				
				<description>This variable determines the transparency of the dot pattern, invisible for 0 and visible for 1.</description>

				<type>float</type>

				<value>1.0</value>
			</parameter>

			<parameter>
				<name>Dots Size</name>
				<variable>_DotsSize</variable>
				
				<description>This variable determines the size of the dot grid. Recommended values: from 4 to 7.</description>

				<type>float</type>

				<value>4.0</value>
			</parameter>

			<parameter>
				<name>Dots Coverage Multiplication</name>
				<variable>_DotsCoverage</variable>
				
				<description>This variable determines the level of pattern coverage; the higher it is, the more dots there will be for light colors.</description>

				<type>float</type>

				<value>1.0</value>
			</parameter>
			
			
			<parameter>
				<name>Inverted Pattern</name>
				<variable>_DotsInvertedPattern</variable>

				<description>This flag specifies whether the pattern should be inverted.</description>

				<type>int</type>
				<property>checkbox</property>

				<value>1</value>
			</parameter>

			<parameter>
				<name>Inverted Colors</name>
				<variable>_DotsInvertedColors</variable>

				<description>This flag specifies whether the colors should be inverted.</description>

				<type>int</type>
				<property>checkbox</property>

				<value>0</value>
			</parameter>

		<parameter>
			<name>( Compatibility )</name>
			<property>checkbox</property>
			<description>Here you will find options that have changed, but you can still achieve the previous effect.</description>

			<variable>__</variable>
		</parameter>
            <parameter>
                <name>Is Fusion Version Older Than 296?</name>
                <variable>_Is_Pre_296_Build</variable>
                <property>checkbox</property>
                
                <description>(Only applies to Android and iOS!) This variable determines whether to use the newer background formatting. In Clickteam Fusion 2.5 for build 295.10 and earlier, the background texture was flipped along the Y axis, but this was changed in build 296.1. Check this option if you are using an older build!</description>

                <type>int</type>

                <value>0</value>
            </parameter>

        <parameter>
            <name>/* */</name>
            <property>checkbox</property>
            <variable>___</variable>
        </parameter>

</effect>