<effect>
	<Name>Premultiplied To Straight Alpha (Texture)</Name>
		<description>This shader converts Premultiplied Alpha to Straight Alpha.</description> 
			<author>Foxioo</author>
			<copyright>Copyright (C) 2024-2025 Foxioo</copyright>
			<website>https://github.com/FoxiooOfficial</website>
				<BackgroundTexture>0</BackgroundTexture>
			
		<parameter>
			<name>/* Foxioo Premultiplied To Straight Alpha (Texture) Shader | 1.0 (08.08.2025) */</name>
			<property>checkbox</property>

			<variable>_</variable>

			<description>This shader converts Premultiplied Alpha to Straight Alpha.</description>
		</parameter>

			<parameter>
				<name>Mixing</name>
				<variable>_Mixing</variable>
				
				<description>This variable is responsible for the visibility of the effect.</description>

				<type>float</type>

				<value>1</value>
			</parameter>

		<parameter>
			<name>/*  */</name>
			<property>checkbox</property>

			<variable>__</variable>
		</parameter>
</effect>