<effect>
	<Name>Stamp</Name>
		<description>Stamp - The base color is multiplied by 2 and multiplied by blend then subtracted from the total of 1</description> 
			<author>Foxioo</author>
			<copyright>Copyright (C) 2024 Foxioo</copyright>
			<website>https://github.com/FoxiooOfficial</website>
				<BackgroundTexture>1</BackgroundTexture>
			
		<parameter>
			<name>/* Foxioo Stamp (Background) Shader | 1.0 (23.06.2024) */</name>
			<property>checkbox</property>

			<variable>_</variable>

			<description>The base color is multiplied by 2 and multiplied by blend then subtracted from the total of 1</description>
		</parameter>

			<parameter>
				<name>Mixing</name>
				<variable>_Mixing</variable>
				
				<description>This variable sets the intensity of base visibility</description>

				<type>float</type>

				<value>1</value>
			</parameter>

		<parameter>
			<name>/*  */</name>
			<property>checkbox</property>

			<variable>__</variable>
		</parameter>
</effect>