<effect>
	<Name>Pin Light</Name>
		<description>Pin Light - (The effect comes from the Photoshop) Replaces the colors, depending on the blend color. If the blend color (light source) is lighter than 50% gray, pixels darker than the blend color are replaced, and pixels lighter than the blend color do not change. If the blend color is darker than 50% gray, pixels lighter than the blend color are replaced, and pixels darker than the blend color do not change. This is useful for adding special effects to an image</description> 
			<author>Foxioo</author>
			<copyright>Copyright (C) 2024 Foxioo</copyright>
			<website>https://github.com/FoxiooOfficial</website>
				<BackgroundTexture>1</BackgroundTexture>
		<parameter>
			<name>/* Foxioo Pin Light (Background) Shader | 1.1 (24.06.2024) */</name>
			<property>checkbox</property>

			<variable>_</variable>

			<description>(The effect comes from the Photoshop) Replaces the colors, depending on the blend color. If the blend color (light source) is lighter than 50% gray, pixels darker than the blend color are replaced, and pixels lighter than the blend color do not change. If the blend color is darker than 50% gray, pixels lighter than the blend color are replaced, and pixels darker than the blend color do not change. This is useful for adding special effects to an image</description>
		</parameter>
			
			<parameter>
				<name>Mixing</name>
				<variable>_Mixing</variable>

				<description>This variable sets the intensity of base visibility</description>

				<type>float</type>

				<value>1</value>
			</parameter>
	
		<parameter>
			<name>/*  */</name>
			<property>checkbox</property>

			<variable>__</variable>
		</parameter>

</effect>