<effect>
	<Name>Krita Helow (Background)</Name>
		<description>(The effect comes from the Krita) The Helow Blending Mode Shader combines the Heat and Glow blending modes to produce smooth and detailed results. When the sum of the layer values exceeds 1, it uses the Heat blending mode; otherwise, it uses the Glow blending mode.</description> 
			<author>Foxioo</author>
			<copyright>Copyright (C) 2024 Foxioo</copyright>
			<website>https://github.com/FoxiooOfficial</website>
				<BackgroundTexture>1</BackgroundTexture>
			
		<parameter>
			<name>/* Foxioo Krita Helow (Background) Shader | 1.0 (06.08.2024) */</name>
			<property>checkbox</property>

			<variable>_</variable>

			<description>(The effect comes from the Krita) The Helow Blending Mode Shader combines the Heat and Glow blending modes to produce smooth and detailed results. When the sum of the layer values exceeds 1, it uses the Heat blending mode; otherwise, it uses the Glow blending mode.</description>
		</parameter>

			<parameter>
				<name>Mixing</name>
				<variable>_Mixing</variable>
				
				<description>This variable is responsible for the visibility of the effect.</description>

				<type>float</type>

				<value>1</value>
			</parameter>

		<parameter>
			<name>/*  */</name>
			<property>checkbox</property>

			<variable>__</variable>
		</parameter>
</effect>