<effect>
	<Name>Blend Value (Background)</Name>
		<description>Creates a result color with the hue and saturation of the base color and the value (brightness) of the blend color. This mode creates an effect similar to the inverse of the Color mode, but operates based on value rather than luminance.</description> 
			<author>Foxioo</author>
			<copyright>Copyright (C) 2024 Foxioo</copyright>
			<website>https://github.com/FoxiooOfficial</website>
				<BackgroundTexture>1</BackgroundTexture>
			
		<parameter>
			<name>/* Foxioo Blend Value (Background) Shader | 1.0 (16.08.2024) */</name>
			<property>checkbox</property>

			<variable>_</variable>

			<description>Creates a result color with the hue and saturation of the base color and the value (brightness) of the blend color. This mode creates an effect similar to the inverse of the Color mode, but operates based on value rather than luminance.</description>
		</parameter>

			<parameter>
				<name>Mixing</name>
				<variable>_Mixing</variable>
				
				<description>This variable is responsible for the visibility of the effect.</description>

				<type>float</type>

				<value>1</value>
			</parameter>

		<parameter>
			<name>/*  */</name>
			<property>checkbox</property>

			<variable>__</variable>
		</parameter>
</effect>