<effect>
	<Name>Noise Blur (Switch)</Name>
		<description>This effect uses noise to shift pixels, creating a pseudo blur.</description> 
			<author>Foxioo</author>
			<copyright>Copyright (C) 2024-2025 Foxioo</copyright>
			<website>https://github.com/FoxiooOfficial</website>
				<BackgroundTexture>1</BackgroundTexture>
			
		<parameter>
			<name>/* Foxioo Noise Blur (Switch) Shader | 1.0 (17.09.2025) */</name>
			<property>checkbox</property>

			<variable>_</variable>

			<description>This effect uses noise to shift pixels, creating a pseudo blur.</description>
		</parameter>

		<parameter>
			<name>Blending Mode</name>
			<variable>_Blending_Mode</variable>

			<description>This variable determines which color will be the basis for modification. Set to 0 means it will be the texture of the object and set to 1 it will be the background.</description>
		
			<type>bool</type>
			<property>checkbox</property>
		
			<value>0</value>
		</parameter>

			<parameter>
				<name>Mixing</name>
				<variable>_Mixing</variable>
				
				<description>This variable is responsible for the visibility of the effect.</description>

				<type>float</type>

				<value>0.45</value>
			</parameter>

			<parameter>
				<name>Looping Mode!</name>
				<variable>_Looping_Mode</variable>
				<description>This variable determines how the texture is to be looped: 0 - REPEAT (Repeats the texture image); 1 - MIRRORED REPEAT (Repeats the texture image, but reflects the image at each repetition); 2 - CLAMP TO EDGE (Extends the texture after crossing coordinates 0 and 1); 3 - CLAMP TO BORDER (After crossing coordinates 0 and 1, the texture will be invisible). For more information, visit: https://learnopengl.com/Getting-started/Textures</description>
				<!-- For more information, visit: https://learnopengl.com/Getting-started/Textures -->

				<type>int</type>
				<property>SLIDER</property>

				<value>3</value>
				<min>0</min>
				<max>3</max>
			</parameter>


			<parameter>
				<name>Seed</name>
				<variable>_Seed</variable>
				
				<description>This variable is responsible for the randomness of the pattern, depending on the seed.</description>

				<type>float</type>

				<value>0</value>
			</parameter>

			<parameter>
				<name>Dimension</name>
				<variable>_Dimension</variable>
				
				<description>This variable determines the degree of transition between only one direction for both dimensions or both directions for both dimensions. Range from 0 to 1.</description>

				<type>float</type>

				<value>1</value>
			</parameter>

			<parameter>
				<name>Angle</name>
				<variable>_Angle</variable>
				
				<description>This variable defines the angle for two-dimensional blurring in one direction.</description>

				<type>float</type>

				<value>45</value>
			</parameter>


		<parameter>
			<name>( Compatibility )</name>
			<property>checkbox</property>
			<description>Here you will find options that have changed, but you can still achieve the previous effect.</description>

			<variable>__</variable>
		</parameter>
            <parameter>
                <name>Is Fusion Version Older Than 296?</name>
                <variable>_Is_Pre_296_Build</variable>
                <property>checkbox</property>
                
                <description>(Only applies to Android and iOS!) This variable determines whether to use the newer background formatting. In Clickteam Fusion 2.5 for build 295.10 and earlier, the background texture was flipped along the Y axis, but this was changed in build 296.1. Check this option if you are using an older build!</description>

                <type>int</type>

                <value>0</value>
            </parameter>

        <parameter>
            <name>/* */</name>
            <property>checkbox</property>
            <variable>___</variable>
        </parameter>

		<sampler>
			<index>0</index>
			<filter>point</filter>
			<addressU>border</addressU>
			<addressV>border</addressV>
			<bordercolor>0</bordercolor>
		</sampler>
</effect>