<effect>
	<Name>Squeeze (Switch)</Name>
		<description>(This effect is an attempt to recreate Squeeze from the Alight Motion) Distorts texture by squeezing it along one axis while expanding it along the other axis.</description> 
			<author>Foxioo</author>
			<copyright>Copyright (C) 2024-2025 Foxioo</copyright>
			<website>https://github.com/FoxiooOfficial</website>
				<BackgroundTexture>1</BackgroundTexture>

		<parameter>
			<name>/* Foxioo Squeeze (Switch) Shader | 1.0 (28.08.2025) */</name>
			<property>checkbox</property>

			<variable>_</variable>

			<description>(This effect is an attempt to recreate Squeeze from the Alight Motion) Distorts texture by squeezing it along one axis while expanding it along the other axis.</description>
		</parameter>

		<parameter>
			<name>( Position )</name>
			<property>checkbox</property>

			<variable>__</variable>
		</parameter>

			<parameter>
				<name>Position X</name>
				<variable>_PosX</variable>
				<description>A variable that determines the position of the texture in the X axis.</description> 

				<type>float</type>

				<value>0</value>
			</parameter>

			<parameter>
				<name>Position Y</name>
				<variable>_PosY</variable>
				<description>A variable that determines the position of the texture in the Y axis.</description> 

				<type>float</type>

				<value>0</value>
			</parameter>

		<parameter>
			<name>( Rotation )</name>
			<property>checkbox</property>
			<description>Here are the variables for changing the rotation in the texture.</description>
			<variable>___</variable>
		</parameter>

			<parameter>
				<name>Rotation X</name>
				<variable>_RotX</variable>
				<description>A variable that determines rotation.</description>

				<type>float</type>

				<value>0</value>
			</parameter>


		<parameter>
			<name>( Points )</name>
			<property>checkbox</property>
			<description>Here are the variables for changing the position of point.</description> 
			<variable>____</variable>
		</parameter>

			<parameter>
				<name>Point X</name>
				<variable>_PointX</variable>
				<description>A variable that determines point position in the X axis.</description>

				<type>float</type>

				<value>0.5</value>
			</parameter>

			<parameter>
				<name>Point Y</name>
				<variable>_PointY</variable>
				<description>A variable that determines point position in the Y axis.</description>

				<type>float</type>

				<value>0.5</value>
			</parameter>

		<parameter>
			<name>( Scale )</name>
			<property>checkbox</property>

			<variable>___</variable>
		</parameter>

			<parameter>
				<name>Scale</name>
				<variable>_Scale</variable>
				<description>This variable determines the overall scale of the texture (in X and Y axes).</description>

				<type>float</type>

				<value>1</value>
			</parameter>

			<parameter>
				<name>Scale X</name>
				<variable>_ScaleX</variable>
				<description>This variable determines the scale of the texture in the X axis.</description>

				<type>float</type>

				<value>1</value>
			</parameter>

			<parameter>
				<name>Scale Y</name>
				<variable>_ScaleY</variable>
				<description>This variable determines the scale of the texture in the Y axis.</description>

				<type>float</type>

				<value>1</value>
			</parameter>

		<parameter>
			<name>( Result )</name>
			<property>checkbox</property>

			<variable>____</variable>
		</parameter>
		
			<parameter>
				<name>Looping Mode!</name>
				<variable>_Looping_Mode</variable>
				<description>This variable determines how the texture is to be looped: 0 - REPEAT (Repeats the texture image); 1 - MIRRORED REPEAT (Repeats the texture image, but reflects the image at each repetition); 2 - CLAMP TO EDGE (Extends the texture after crossing coordinates 0 and 1); 3 - CLAMP TO BORDER (After crossing coordinates 0 and 1, the texture will be invisible). For more information, visit: https://learnopengl.com/Getting-started/Textures</description>
				<!-- For more information, visit: https://learnopengl.com/Getting-started/Textures -->

				<type>int</type>
				<property>SLIDER</property>

				<value>3</value>
				<min>0</min>
				<max>3</max>
			</parameter>

			<parameter>
				<name>Blending Mode</name>
				<variable>_Blending_Mode</variable>

				<description>This variable determines what the base should be. Setting it to 1 sets the base as the texture of the object on which the effect is applied, and setting it to 0 sets this as the background.</description>

				<type>int</type>
				<property>checkbox</property>

				<value>0</value>
			</parameter>

			<parameter>
				<name>Mixing</name>
				<variable>_Mixing</variable>
				
				<description>This variable sets the intensity of base visibility.</description>

				<type>float</type>

				<value>-0.25</value>
			</parameter>

			<parameter>
				<name>Squeeze X</name>
				<variable>_SqueezeX</variable>

				<description>This variable defines the squeeze scale on the X axis.</description>

				<type>float</type>
				<value>1</value>
			</parameter>

			<parameter>
				<name>Squeeze Y</name>
				<variable>_SqueezeY</variable>

				<description>This variable defines the squeeze scale on the Y axis.</description>

				<type>float</type>
				<value>1</value>
			</parameter>

		<parameter>
			<name>( Compatibility )</name>
			<property>checkbox</property>
			<description>Here you will find options that have changed, but you can still achieve the previous effect.</description>

			<variable>_____</variable>
		</parameter>
            <parameter>
                <name>Is Fusion Version Older Than 296?</name>
                <variable>_Is_Pre_296_Build</variable>
                <property>checkbox</property>
                
                <description>(Only applies to Android and iOS!) This variable determines whether to use the newer background formatting. In Clickteam Fusion 2.5 for build 295.10 and earlier, the background texture was flipped along the Y axis, but this was changed in build 296.1. Check this option if you are using an older build!</description>

                <type>int</type>

                <value>0</value>
            </parameter>

        <parameter>
            <name>/* */</name>
            <property>checkbox</property>
            <variable>______</variable>
        </parameter>


</effect>