<effect>
	<Name>Photoshop Overlay (Background)</Name>
		<description>(The effect comes from the Photoshop) Multiplies or screens the colors, depending on the base color. Patterns or colors overlay the existing pixels while preserving the highlights and shadows of the base color. The base color is not replaced, but mixed with the blend color to reflect the lightness or darkness of the original color</description> 
			<author>Foxioo</author>
			<copyright>Copyright (C) 2024 Foxioo</copyright>
			<website>https://github.com/FoxiooOfficial</website>
				<BackgroundTexture>1</BackgroundTexture>
		<parameter>
			<name>/* Foxioo Photoshop Overlay (Background) Shader | 1.2 (30.06.2024) */</name>
			<property>checkbox</property>

			<variable>_</variable>

			<description>(The effect comes from the Photoshop) Multiplies or screens the colors, depending on the base color. Patterns or colors overlay the existing pixels while preserving the highlights and shadows of the base color. The base color is not replaced, but mixed with the blend color to reflect the lightness or darkness of the original color</description>
		</parameter>
			
			<parameter>
				<name>Mixing</name>
				<variable>_Mixing</variable>
				
				<description>This variable is responsible for the visibility of the effect.</description>

				<type>float</type>

				<value>1</value>
			</parameter>
	
		<parameter>
			<name>/*  */</name>
			<property>checkbox</property>

			<variable>__</variable>
		</parameter>

</effect>