<effect>
	<Name>HSL</Name>
		<description>HSL - Shader allows changing hue, saturation and lightness </description> 
			<author>Foxioo</author>
			<copyright>Copyright (C) 2024 Foxioo</copyright>
			<website>https://github.com/FoxiooOfficial</website>
				<BackgroundTexture>1</BackgroundTexture>
			
		<parameter>
			<name>/* Foxioo HSL (Switch) Shader | 1.4 (24.06.2024) */</name>
			<property>checkbox</property>

			<variable>_</variable>

			<description>Shader allows changing hue, saturation and lightness</description>
		</parameter>

			<parameter>
				<name>Blending Mode</name>
				<variable>_Blending_Mode</variable>

				<description>This variable determines what the base should be. Setting it to 0 sets the base as the texture of the object on which the effect is applied, and setting it to 1 sets this as the background.</description>

				<type>int</type>
				<property>checkbox</property>

				<value>0</value>
			</parameter>

			<parameter>
				<name>Mixing</name>
				<variable>_Mixing</variable>
				
				<description>This variable sets the intensity of base visibility.</description>

				<type>float</type>

				<value>1</value>
			</parameter>

			<parameter>
				<name>Hue</name>
				<variable>_Hue</variable>
				
				<description>This variable changes the color hue. (Range from 0 to 359 % INF)</description>

				<type>float</type>

				<value>180</value>
			</parameter>

			<parameter>
				<name>Saturation</name>
				<variable>_Saturation</variable>
				
				<description>This variable changes the color saturation. (Range from 0 to 100)</description>

				<type>float</type>

				<value>50</value>
			</parameter>

			<parameter>
				<name>Lightness</name>
				<variable>_Lightness</variable>
				
				<description>This variable changes the color lLightness. (Range from 0 to 100)</description>

				<type>float</type>

				<value>50</value>
			</parameter>

		<parameter>
			<name>/*  */</name>
			<property>checkbox</property>

			<variable>__</variable>
		</parameter>
</effect>