<effect>
	<Name>Sinus Wave Offset (Switch)</Name>
		<description>Sinus Wave Offset - Shader moves colors through sinus wave</description> 
			<author>Foxioo</author>
			<copyright>Copyright (C) 2024 Foxioo</copyright>
			<website>https://github.com/FoxiooOfficial</website>
				<BackgroundTexture>1</BackgroundTexture>

		<parameter>
			<name>/* Foxioo Sinus Wave Offset (Switch) Shader | 1.0 (30.12.2023) */</name>
			<property>checkbox</property>

			<variable>_</variable>

			<description>Shader moves colors through sinus wave</description>
		</parameter>

		<parameter>
			<name>( Enable Wave )</name>
			<property>checkbox</property>

			<variable>__</variable>
		</parameter>

			<parameter>
				<name>X</name>
				<variable>_X</variable>

				<description>Enables/disables offset for the X-Axis</description>

				<type>int</type>
				<property>checkbox</property>
				<value>1</value>
			</parameter>

			<parameter>
				<name>Y</name>
				<variable>_Y</variable>

				<description>Enables/disables offset for the Y-Axis</description>

				<type>int</type>
				<property>checkbox</property>
				<value>1</value>
			</parameter>

		<parameter>
			<name>( Position )</name>
			<property>checkbox</property>

			<variable>___</variable>
		</parameter>

			<parameter>
				<name>Position X</name>
				<variable>_PosX</variable>

				<description>Sinus position for the X-Axis</description>

				<type>float</type>
				<value>0.5</value>
			</parameter>

			<parameter>
				<name>Position Y</name>
				<variable>_PosY</variable>

				<description>Sinus position for the Y-Axis</description>

				<type>float</type>
				<value>0.5</value>
			</parameter>


		<parameter>
			<name>( Amplitude )</name>
			<property>checkbox</property>

			<variable>____</variable>
		</parameter>

			<parameter>
				<name>Amplitude X</name>
				<variable>_AmplitudeX</variable>

				<description>Amplitude in the X-Axis</description>

				<type>float</type>
				<value>0.05</value>
			</parameter>

			<parameter>
				<name>Amplitude Y</name>
				<variable>_AmplitudeY</variable>

				<description>Amplitude in the Y-Axis</description>

				<type>float</type>
				<value>0.05</value>
			</parameter>

		<parameter>
			<name>( Fraquency )</name>
			<property>checkbox</property>

			<variable>_____</variable>
		</parameter>

			<parameter>
				<name>Fraquency X</name>
				<variable>_FraqX</variable>

				<description>Fraquency in the X-Axis</description>

				<type>float</type>
				<value>5</value>
			</parameter>

			<parameter>
				<name>Fraquency Y</name>
				<variable>_FraqY</variable>

				<description>Fraquency in the Y-Axis</description>

				<type>float</type>
				<value>5</value>
			</parameter>

				<parameter>

			<name>( Periods )</name>
			<property>checkbox</property>

			<variable>______</variable>
		</parameter>

			<parameter>
				<name>Periods X</name>
				<variable>_PeriodsX</variable>

				<description>Periods in the X-Axis</description>

				<type>float</type>
				<value>10</value>
			</parameter>

			<parameter>
				<name>Periods Y</name>
				<variable>_PeriodsY</variable>

				<description>Periods in the Y-Axis</description>

				<type>float</type>
				<value>10</value>
			</parameter>
		

		<parameter>
			<name>( Result )</name>
			<property>checkbox</property>

			<variable>_______</variable>
		</parameter>

			<parameter>
				<name>Blending Mode</name>
				<variable>_Blending_Mode</variable>

				<description>This variable determines what the base should be. Setting it to 0 sets the base as the texture of the object on which the effect is applied, and setting it to 1 sets this as the background.</description>

				<type>int</type>
				<property>checkbox</property>

				<value>1</value>
			</parameter>

			<parameter>
				<name>Mixing</name>
				<variable>_Mixing</variable>
				
				<description>This variable sets the intensity of base visibility.</description>

				<type>float</type>

				<value>1</value>
			</parameter>

		<parameter>
			<name>/*  */</name>
			<property>checkbox</property>

			<variable>________</variable>
		</parameter>

</effect>