<effect>
	<Name>Quad Wire-Frame (Texture)</Name>
		<description>This shader is a modification of the Quad shader created by Adam Hawker (aka Sketchy / MuddyMole).</description> 
			<author>Foxioo and Adam Hawker (aka Sketchy / MuddyMole)</author>
			<copyright>Copyright (C) 2024-2025 Foxioo</copyright>
			<website>https://github.com/FoxiooOfficial</website>
				<BackgroundTexture>0</BackgroundTexture>
			
		<parameter>
			<name>/* Foxioo Quad Wire-Frame (Texture) | 1.0 (13.04.2025) */</name>
			<property>checkbox</property>

			<variable>_</variable>

			<description>This shader is a modification of the Quad shader created by Adam Hawker (aka Sketchy / MuddyMole).</description>
		</parameter>

			<parameter>
				<name>Mixing</name>
				<variable>_Mixing</variable>
				
				<description>This variable is responsible for the visibility of the effect.</description>

				<type>float</type>

				<value>1</value>
			</parameter>

			<parameter>
				<name>Size</name>
				<variable>_Size</variable>
				
				<description>This variable is responsible for the thickness of the line.</description>

				<type>float</type>

				<value>2</value>
			</parameter>

			<parameter>
				<name>Scale Deform X</name>
				<variable>_ScaleDeformX</variable>
				
				<description>This variable is responsible for converting TexCoord in the shader to actual pixels for scaled objects to maintain aspect ratio. If you have a 32x24 object and a 1280x960 window, the calculation for _ScaleDeformX is 1280 / 32 = 40. (Mainly applicable to Tails7!).</description>

				<type>float</type>

				<value>1</value>
			</parameter>

			<parameter>
				<name>Scale Deform Y</name>
				<variable>_ScaleDeformY</variable>
				
				<description>This variable is responsible for converting TexCoord in the shader to actual pixels for scaled objects to maintain aspect ratio. If you have a 32x24 object and a 1280x960 window, the calculation for _ScaleDeformX is 960 / 24 = 40. (Mainly applicable to Tails7!).</description>

				<type>float</type>

				<value>1</value>
			</parameter>

			<parameter>
				<name>Color</name>
				<variable>_Color</variable>
				
				<description>This variable specifies what color the line should be.</description>

				<type>int_float4</type>
				<property>color</property>

				<value>16777215</value>
			</parameter>

			<parameter>
				<name>xA (-X -Y)</name>
				<code>xA</code>
				<variable>xA</variable>
				<description>X of point A (Top left point)</description>
				<type>float</type>
				<property>edit</property>
				<value>0</value>
				<preview_value>0</preview_value>
		</parameter>
		<parameter>
				<name>yA (-X -Y)</name>
				<code>yA</code>
				<variable>yA</variable>
				<description>Y of point A (Top left point)</description>
				<type>float</type>
				<property>edit</property>
				<value>0</value>
				<preview_value>0</preview_value>
		</parameter>
		<parameter>
				<name>xB (+X -Y)</name>
				<code>xB</code>
				<variable>xB</variable>
				<description>X of point B (Top right point)</description>
				<type>float</type>
				<property>edit</property>
				<value>1</value>
				<preview_value>0.75</preview_value>
		</parameter>
		<parameter>
				<name>yB (+X -Y)</name>
				<code>yB</code>
				<variable>yB</variable>
				<description>Y of point B (Top right point)</description>
				<type>float</type>
				<property>edit</property>
				<value>0</value>
				<preview_value>0.25</preview_value>
		</parameter>
		<parameter>
				<name>xC (+X +Y)</name>
				<code>xC</code>
				<variable>xC</variable>
				<description>X of point C (Bottom right point)</description>
				<type>float</type>
				<property>edit</property>
				<value>1</value>
				<preview_value>1</preview_value>
		</parameter>
		<parameter>
				<name>yC (+X +Y)</name>
				<code>yC</code>
				<variable>yC</variable>
				<description>Y of point C (Bottom right point)</description>
				<type>float</type>
				<property>edit</property>
				<value>1</value>
				<preview_value>1</preview_value>
		</parameter>
		<parameter>
				<name>xD (-X +Y)</name>
				<code>xD</code>
				<variable>xD</variable>
				<description>X of point D (Bottom left point)</description>
				<type>float</type>
				<property>edit</property>
				<value>0</value>
				<preview_value>0.25</preview_value>
		</parameter>
		<parameter>
				<name>yD (-X +Y)</name>
				<code>yD</code>
				<variable>yD</variable>
				<description>Y of point D (Bottom left point)</description>
				<type>float</type>
				<property>edit</property>
				<value>1</value>
				<preview_value>0.75</preview_value>
		</parameter>

		<parameter>
			<name>/*  */</name>
			<property>checkbox</property>

			<variable>__</variable>
		</parameter>
</effect>