<effect>
	<Name>Subtraction With Power (Background)</Name>
		<description>Base and blend colors are subtracted after which the colors are reduced by the power function.</description> 
			<author>Foxioo</author>
			<copyright>Copyright (C) 2024 Foxioo</copyright>
			<website>https://github.com/FoxiooOfficial</website>
				<BackgroundTexture>1</BackgroundTexture>
			
		<parameter>
			<name>/* Foxioo Subtraction With Power (Background) Shader | 1.2 (26.06.2024) */</name>
			<property>checkbox</property>

			<variable>_</variable>

			<description>Base and blend colors are subtracted after which the colors are reduced by the power function.</description>
		</parameter>

			<parameter>
				<name>Blending Mode</name>
				<variable>_Blending_Mode</variable>
				
				<description>This variable manages which color will be the subtraction. When this value is set to 0 then blend will subtract base and when set to 1 then base will subtract blend.</description>

				<type>bool</type>
				<property>checkbox</property>

				<value>1</value>
			</parameter>

			<parameter>
				<name>Mixing</name>
				<variable>_Mixing</variable>
				
				<description>This variable is responsible for the visibility of the effect.</description>

				<type>float</type>

				<value>1</value>
			</parameter>

			<parameter>
				<name>Power</name>
				<variable>_Power</variable>
				
				<description>This variable determines the exponent to which the sum of base and blend is raised as a function of power.</description>

				<type>float</type>

				<value>1</value>
			</parameter>	

		<parameter>
			<name>/*  */</name>
			<property>checkbox</property>

			<variable>__</variable>
		</parameter>
</effect>