<effect>
	<Name>Offset Color (Background)</Name>
		<description>Shader shifts blend colors depending on base color</description> 
			<author>Foxioo</author>
			<copyright>Copyright (C) 2024 Foxioo</copyright>
			<website>https://github.com/FoxiooOfficial</website>
				<BackgroundTexture>1</BackgroundTexture>

		<parameter>
			<name>/* Foxioo Offset Color (Background) Shader | 1.2 (30.06.2024) */</name>
			<property>checkbox</property>
			<variable>_</variable>
			<description>Shader shifts blend colors depending on base color</description>
		</parameter>

		<parameter>
			<name>( Offset )</name>
			<property>checkbox</property>
			<variable>__</variable>
		</parameter>

			<parameter>
				<name>Offset X Scale</name>
				<variable>_OffsetX</variable>

				<description>X-axis offset scale determined by red color.</description>

				<type>float</type>
				<value>1</value>
			</parameter>

			<parameter>
				<name>Offset Y Scale</name>
				<variable>_OffsetY</variable>

				<description>Y-axis offset scale determined by green color.</description>

				<type>float</type>
				<value>1</value>
			</parameter>

			<parameter>
				<name>Offset Z Scale</name>
				<variable>_OffsetZ</variable>

				<description>X-axis and Y-axis offset scale determined by blue color.</description>

				<type>float</type>
				<value>1</value>
			</parameter>

			<parameter>
				<name>Offset X Position</name>
				<variable>_PosX</variable>

				<description>X-axis offset determined by red color.</description>

				<type>float</type>
				<value>0</value>
			</parameter>

				<parameter>
				<name>Offset Y Position</name>
				<variable>_PosY</variable>

				<description>Y-axis offset determined by green color.</description>

				<type>float</type>
				<value>0</value>
			</parameter>

		<parameter>
			<name>( Result )</name>
			<property>checkbox</property>
			<variable>___</variable>
		</parameter>

			<parameter>
				<name>Blending Mode</name>
				<variable>_Blending_Mode</variable>

				<description>This variable determines what the base should be. Setting it to 0 sets the base as the texture of the object on which the effect is applied, and setting it to 1 sets this as the background.</description>

				<type>int</type>
				<property>checkbox</property>

				<value>0</value>
			</parameter>

			<parameter>
				<name>Mixing</name>
				<variable>_Mixing</variable>
				
				<description>This variable sets the intensity of base visibility.</description>

				<type>float</type>

				<value>1</value>
			</parameter>

		<parameter>
			<name>/*  */</name>
			<property>checkbox</property>
			<variable>____</variable>
		</parameter>

</effect>