<effect>
	<Name>Chromatic Aberration (Switch)</Name>
		<description>This effect allows you to move, scale, and (for DX11 and OpenGL ES only) rotate colors separately.</description> 
			<author>Foxioo</author>
			<copyright>Copyright (C) 2024-2025 Foxioo</copyright>
			<website>https://github.com/FoxiooOfficial</website>
				<BackgroundTexture>1</BackgroundTexture>

		<parameter>
			<name>/* Foxioo Chromatic Aberration (Switch) Shader | 1.0 (13.09.2025) */</name>
			<property>checkbox</property>

			<variable>_</variable>

			<description>This effect allows you to move, scale, and (for DX11 and OpenGL ES only) rotate colors separately.</description>
		</parameter>

		<parameter>
			<name>( Position )</name>
			<property>checkbox</property>

			<variable>__</variable>
		</parameter>

			<parameter>
				<name>(Red) Position X</name>
				<variable>_PosXRed</variable>
				<description>A variable that determines the position of the texture in the X axis.</description> 

				<type>float</type>

				<value>0.05</value>
			</parameter>

			<parameter>
				<name>(Red) Position Y</name>
				<variable>_PosYRed</variable>
				<description>A variable that determines the position of the texture in the Y axis.</description> 

				<type>float</type>

				<value>0</value>
			</parameter>

			<parameter>
				<name>(Green) Position X</name>
				<variable>_PosXGreen</variable>
				<description>A variable that determines the position of the texture in the X axis.</description> 

				<type>float</type>

				<value>0</value>
			</parameter>

			<parameter>
				<name>(Green) Position Y</name>
				<variable>_PosYGreen</variable>
				<description>A variable that determines the position of the texture in the Y axis.</description> 

				<type>float</type>

				<value>-0.03</value>
			</parameter>

			<parameter>
				<name>(Blue) Position X</name>
				<variable>_PosXBlue</variable>
				<description>A variable that determines the position of the texture in the X axis.</description> 

				<type>float</type>

				<value>0</value>
			</parameter>

			<parameter>
				<name>(Blue) Position Y</name>
				<variable>_PosYBlue</variable>
				<description>A variable that determines the position of the texture in the Y axis.</description> 

				<type>float</type>

				<value>-0.05</value>
			</parameter>

		<parameter>
			<name>( Rotation )</name>
			<property>checkbox</property>
			<description>Here are the variables for changing the rotation in the texture.</description>
			<variable>___</variable>
		</parameter>

			<parameter>
				<name>(Red) Rotation X</name>
				<variable>_RotX</variable>
				<description>(Direct3D11 and OpenGL ONLY!) A variable that determines rotation in the X axis.</description>

				<type>float</type>

				<value>0</value>
			</parameter>

			<parameter>
				<name>(Green) Rotation X</name>
				<variable>_RotXGreen</variable>
				<description>(Direct3D11 and OpenGL ONLY!) A variable that determines rotation in the X axis.</description>

				<type>float</type>

				<value>0</value>
			</parameter>

			<parameter>
				<name>(Blue) Rotation X</name>
				<variable>_RotXBlue</variable>
				<description>(Direct3D11 and OpenGL ONLY!) A variable that determines rotation in the X axis.</description>

				<type>float</type>

				<value>0</value>
			</parameter>

		<parameter>
			<name>( Points )</name>
			<property>checkbox</property>
			<description>Here are the variables for changing the position of point.</description> 
			<variable>____</variable>
		</parameter>

			<parameter>
				<name>(Red) Point X</name>
				<variable>_PointXRed</variable>
				<description>A variable that determines point position in the X axis.</description>

				<type>float</type>

				<value>0.5</value>
			</parameter>

			<parameter>
				<name>(Red) Point Y</name>
				<variable>_PointYRed</variable>
				<description>A variable that determines point position in the Y axis.</description>

				<type>float</type>

				<value>0.5</value>
			</parameter>

			<parameter>
				<name>(Green) Point X</name>
				<variable>_PointXGreen</variable>
				<description>A variable that determines point position in the X axis.</description>

				<type>float</type>

				<value>0.5</value>
			</parameter>

			<parameter>
				<name>(Green) Point Y</name>
				<variable>_PointYGreen</variable>
				<description>A variable that determines point position in the Y axis.</description>

				<type>float</type>

				<value>0.5</value>
			</parameter>

			<parameter>
				<name>(Blue) Point X</name>
				<variable>_PointXBlue</variable>
				<description>A variable that determines point position in the X axis.</description>

				<type>float</type>

				<value>0.5</value>
			</parameter>

			<parameter>
				<name>(Blue) Point Y</name>
				<variable>_PointYBlue</variable>
				<description>A variable that determines point position in the Y axis.</description>

				<type>float</type>

				<value>0.5</value>
			</parameter>

		<parameter>
			<name>( Scale )</name>
			<property>checkbox</property>

			<variable>___</variable>
		</parameter>

			<parameter>
				<name>(Red) Scale</name>
				<variable>_ScaleRed</variable>
				<description>This variable determines the overall scale of the texture (in X and Y axes).</description>

				<type>float</type>

				<value>1</value>
			</parameter>

			<parameter>
				<name>(Red) Scale X</name>
				<variable>_ScaleXRed</variable>
				<description>This variable determines the scale of the texture in the X axis.</description>

				<type>float</type>

				<value>1</value>
			</parameter>

			<parameter>
				<name>(Red) Scale Y</name>
				<variable>_ScaleYRed</variable>
				<description>This variable determines the scale of the texture in the Y axis.</description>

				<type>float</type>

				<value>1</value>
			</parameter>

			<parameter>
				<name>(Green) Scale</name>
				<variable>_ScaleGreen</variable>
				<description>This variable determines the overall scale of the texture (in X and Y axes).</description>

				<type>float</type>

				<value>1</value>
			</parameter>

			<parameter>
				<name>(Green) Scale X</name>
				<variable>_ScaleXGreen</variable>
				<description>This variable determines the scale of the texture in the X axis.</description>

				<type>float</type>

				<value>1</value>
			</parameter>

			<parameter>
				<name>(Green) Scale Y</name>
				<variable>_ScaleYGreen</variable>
				<description>This variable determines the scale of the texture in the Y axis.</description>

				<type>float</type>

				<value>1</value>
			</parameter>

			<parameter>
				<name>(Blue) Scale</name>
				<variable>_ScaleBlue</variable>
				<description>This variable determines the overall scale of the texture (in X and Y axes).</description>

				<type>float</type>

				<value>1</value>
			</parameter>

			<parameter>
				<name>(Blue) Scale X</name>
				<variable>_ScaleXBlue</variable>
				<description>This variable determines the scale of the texture in the X axis.</description>

				<type>float</type>

				<value>1</value>
			</parameter>

			<parameter>
				<name>(Blue) Scale Y</name>
				<variable>_ScaleYBlue</variable>
				<description>This variable determines the scale of the texture in the Y axis.</description>

				<type>float</type>

				<value>1</value>
			</parameter>

		<parameter>
			<name>( Result )</name>
			<property>checkbox</property>

			<variable>____</variable>
		</parameter>
		
			<parameter>
				<name>Looping Mode!</name>
				<variable>_Looping_Mode</variable>
				<description>This variable determines how the texture is to be looped: 0 - REPEAT (Repeats the texture image); 1 - MIRRORED REPEAT (Repeats the texture image, but reflects the image at each repetition); 2 - CLAMP TO EDGE (Extends the texture after crossing coordinates 0 and 1); 3 - CLAMP TO BORDER (After crossing coordinates 0 and 1, the texture will be invisible). For more information, visit: https://learnopengl.com/Getting-started/Textures</description>
				<!-- For more information, visit: https://learnopengl.com/Getting-started/Textures -->

				<type>int</type>
				<property>SLIDER</property>

				<value>3</value>
				<min>0</min>
				<max>3</max>
			</parameter>

			<parameter>
				<name>Blending Mode</name>
				<variable>_Blending_Mode</variable>

				<description>This variable determines what the base should be. Setting it to 1 sets the base as the texture of the object on which the effect is applied, and setting it to 0 sets this as the background.</description>

				<type>int</type>
				<property>checkbox</property>

				<value>0</value>
			</parameter>

			<parameter>
				<name>Mixing</name>
				<variable>_Mixing</variable>
				
				<description>This variable sets the intensity of base visibility.</description>

				<type>float</type>

				<value>1</value>
			</parameter>

		<parameter>
			<name>( Compatibility )</name>
			<property>checkbox</property>
			<description>Here you will find options that have changed, but you can still achieve the previous effect.</description>

			<variable>_____</variable>
		</parameter>
            <parameter>
                <name>Is Fusion Version Older Than 296?</name>
                <variable>_Is_Pre_296_Build</variable>
                <property>checkbox</property>
                
                <description>(Only applies to Android and iOS!) This variable determines whether to use the newer background formatting. In Clickteam Fusion 2.5 for build 295.10 and earlier, the background texture was flipped along the Y axis, but this was changed in build 296.1. Check this option if you are using an older build!</description>

                <type>int</type>

                <value>0</value>
            </parameter>

        <parameter>
            <name>/* */</name>
            <property>checkbox</property>
            <variable>______</variable>
        </parameter>


</effect>