<effect>
	<Name>Liquid Glass (Background)</Name>
		<description>Shader simulates the iOS 26/MacOS Tahoe window effect.</description> 
			<author>Foxioo</author>
			<copyright>Copyright (C) 2024-2025 Foxioo</copyright>
			<website>https://github.com/FoxiooOfficial</website>
				<BackgroundTexture>1</BackgroundTexture>
			
		<parameter>
			<name>/* Foxioo Liquid Glass (Background) Shader | 1.0 (27.09.2025) */</name>
			<property>checkbox</property>

			<variable>_</variable>

			<description>Shader simulates the iOS 26/MacOS Tahoe window effect.</description>
		</parameter>

					<parameter>
						<name>Mixing</name>
						<variable>_Mixing</variable>
						
						<description>This variable is responsible for the visibility of the effect.</description>

						<type>float</type>

						<value>1.1</value>
					</parameter>

					<parameter>
						<name>Intensity</name>
						<variable>_Intensity</variable>
						
						<description>This variable defines the size of the border.</description>

						<type>float</type>

						<preview_value>30</preview_value>
						<value>80</value>
					</parameter>

					<parameter>
						<name>Distortion</name>
						<variable>_Distortion</variable>
						
						<description>This variable defines the distortion scales on the sides.</description>

						<type>float</type>

						<preview_value>1</preview_value>
						<value>0.2</value>
					</parameter>
			

		<parameter>
			<name>( Compatibility )</name>
			<property>checkbox</property>
			<description>Here you will find options that have changed, but you can still achieve the previous effect.</description>

			<variable>__</variable>
		</parameter>
            <parameter>
                <name>Is Fusion Version Older Than 296?</name>
                <variable>_Is_Pre_296_Build</variable>
                <property>checkbox</property>
                
                <description>(Only applies to Android and iOS!) This variable determines whether to use the newer background formatting. In Clickteam Fusion 2.5 for build 295.10 and earlier, the background texture was flipped along the Y axis, but this was changed in build 296.1. Check this option if you are using an older build!</description>

                <type>int</type>

                <value>0</value>
            </parameter>

        <parameter>
            <name>/* */</name>
            <property>checkbox</property>
            <variable>___</variable>
        </parameter>

	<sampler>
		<index>0</index>
		<addressU>border</addressU>
		<addressV>border</addressV>
		<BorderColor>0</BorderColor>
	</sampler>

</effect>