<effect>
	<Name>GIMP Grain Merge (Background)</Name>
		<description>(The effect comes from the GIMP) Grain merge mode merges a grain layer (possibly one created from the "Grain extract" mode) into the current layer, leaving a grainy version of the original layer. It does just the opposite of "Grain extract". It adds the pixel values of the upper and lower layers together and subtracts 0.5.</description> 
			<author>Foxioo</author>
			<copyright>Copyright (C) 2024 Foxioo</copyright>
			<website>https://github.com/FoxiooOfficial</website>
				<BackgroundTexture>1</BackgroundTexture>
			
		<parameter>
			<name>/* Foxioo GIMP Grain Merge (Background) Shader | 1.0 (15.08.2024) */</name>
			<property>checkbox</property>

			<variable>_</variable>

			<description>(The effect comes from the GIMP) Grain merge mode merges a grain layer (possibly one created from the "Grain extract" mode) into the current layer, leaving a grainy version of the original layer. It does just the opposite of "Grain extract". It adds the pixel values of the upper and lower layers together and subtracts 0.5.</description>
		</parameter>

			<parameter>
				<name>Mixing</name>
				<variable>_Mixing</variable>
				
				<description>This variable is responsible for the visibility of the effect.</description>

				<type>float</type>

				<value>1</value>
			</parameter>

		<parameter>
			<name>/*  */</name>
			<property>checkbox</property>

			<variable>__</variable>
		</parameter>
</effect>