<effect>
	<Name>Unity Bloom (Texture+Background)</Name>
		<description>Shader burns your computer with powerful bloom.</description> 
			<author>Foxioo, Special thanks to The Cherno.</author>
			<copyright>Copyright (C) 2024-2025 Foxioo</copyright>
			<website>https://github.com/FoxiooOfficial</website>
				<BackgroundTexture>1</BackgroundTexture>
			
		<parameter>
			<name>/* Foxioo Unity Bloom (Texture+Background) Shader | 1.0 (05.02.2025) */</name>
			<property>checkbox</property>

			<variable>_</variable>

			<description>Shader burns your computer with powerful bloom.</description>
		</parameter>

			<parameter>
				<name>Mixing</name>
				<variable>_Mixing</variable>
				
				<description>This variable is responsible for the visibility of the effect.</description>

				<type>float</type>

				<value>0.05</value>
			</parameter>

		<parameter>
			<name>( Bloom )</name>
			<property>checkbox</property>

			<variable>__</variable>

			<description></description>
		</parameter>

			<parameter>
				<name>Bloom Addition</name>
				<variable>_BloomAddition</variable>
				
				<description>The variable defines the addition scales.</description>

				<type>float</type>

				<value>3</value>
			</parameter>

			<parameter>
				<name>Blur Strength</name>
				<variable>_BlurStrength</variable>
				
				<description>The variable defines the blur scales.</description>

				<type>float</type>

				<value>3</value>
			</parameter>

			<parameter>
				<name>Bloom Intensity</name>
				<variable>_BloomIntensity</variable>
				
				<description>The variable defines the intensity scales.</description>

				<type>float</type>

				<value>0.5</value>
			</parameter>

		<parameter>
			<name>/*  */</name>
			<property>checkbox</property>

			<variable>___</variable>
		</parameter>

			<parameter>
				<name>Render visibility 75% (DX11/GLES)</name>
				<variable>_ResA</variable>
				
				<description>The variable determines the visibility of the render QUALITY%</description>

				<type>float</type>

				<value>1</value>
			</parameter>

			<parameter>
				<name>Render Visibility 50%</name>
				<variable>_ResB</variable>
				
				<description>The variable determines the visibility of the render QUALITY%</description>

				<type>float</type>

				<value>1</value>
			</parameter>

			<parameter>
				<name>Render Visibility 37.5% (DX11/GLES)</name>
				<variable>_ResC</variable>
				
				<description>The variable determines the visibility of the render QUALITY%</description>

				<type>float</type>

				<value>1</value>
			</parameter>

			<parameter>
				<name>Render Visibility 25% (DX11/GLES)</name>
				<variable>_ResD</variable>
				
				<description>The variable determines the visibility of the render QUALITY%</description>

				<type>float</type>

				<value>1</value>
			</parameter>

			<parameter>
				<name>Render Visibility 12.5% (DX11/GLES)</name>
				<variable>_ResE</variable>
				
				<description>The variable determines the visibility of the render QUALITY%</description>

				<type>float</type>

				<value>1</value>
			</parameter>

			<parameter>
				<name>Render Visibility 6.25%</name>
				<variable>_ResF</variable>
				
				<description>The variable determines the visibility of the render QUALITY%</description>

				<type>float</type>

				<value>1.75</value>
			</parameter>

			<parameter>
				<name>Render Visibility 3.125% (DX11/GLES)</name>
				<variable>_ResG</variable>
				
				<description>This variable is responsible for the visibility of the effect.</description>

				<type>float</type>

				<value>2</value>
			</parameter>

		<parameter>
			<name>/*  */</name>
			<property>checkbox</property>

			<variable>____</variable>
		</parameter>
</effect>