<effect>
	<Name>JPEG Compression (Switch)</Name>
		<description>Effect gives a compression effect similar to JPEG, but not exactly the same!</description> 
			<author>Foxioo</author>
			<copyright>Copyright (C) 2024-2025 Foxioo</copyright>
			<website>https://github.com/FoxiooOfficial</website>
				<BackgroundTexture>1</BackgroundTexture>
			
		<parameter>
			<name>/* Foxioo JPEG Compression (Switch) Shader | 1.1 (13.08.2025) */</name>
			<property>checkbox</property>

			<variable>_</variable>

			<description>Effect gives a compression effect similar to JPEG, but not exactly the same!</description>
		</parameter>

		<parameter>
			<name>Blending Mode</name>
			<variable>_Blending_Mode</variable>

			<description>This variable determines which color will be the basis for modification. Set to 0 means it will be the texture of the object and set to 1 it will be the background.</description>
		
			<type>bool</type>
			<property>checkbox</property>
		
			<value>0</value>
		</parameter>

			<parameter>
				<name>Mixing</name>
				<variable>_Mixing</variable>
				
				<description>This variable is responsible for the visibility of the effect.</description>

				<type>float</type>

				<value>1</value>
			</parameter>

			<parameter>
				<name>YLevels</name>
				<variable>_YLevels</variable>
				
				<description>This variable specifies how many brightness levels there should be.</description>

				<type>float</type>

				<value>16</value>
			</parameter>

			<parameter>
				<name>CLevels</name>
				<variable>_CLevels</variable>
				
				<description>This variable specifies how many brightness colors there should be.</description>

				<type>float</type>

				<value>16</value>
			</parameter>

			<parameter>
				<name>_BlurScale</name>
				<variable>_BlurScale</variable>
				
				<description>This variable determines the degree of smoothness between pixels. Set to 0, none; set to 1, smooth transition between pixels.</description>

				<type>float</type>

				<value>1.5</value>
			</parameter>

			<parameter>
				<name>_Segments</name>
				<variable>_Segments</variable>
				
				<description>This variable determines how many pixels are required to draw one larger pixel. The smaller the value, the less noticeable the effect; the larger the value, the more noticeable the effect of "texture resolution reduction."</description>

				<type>float</type>

				<value>4</value>
			</parameter>


		<parameter>
			<name>( Compatibility )</name>
			<property>checkbox</property>
			<description>Here you will find options that have changed, but you can still achieve the previous effect.</description>

			<variable>__</variable>
		</parameter>
            <parameter>
                <name>Is Fusion Version Older Than 296?</name>
                <variable>_Is_Pre_296_Build</variable>
                <property>checkbox</property>
                
                <description>(Only applies to Android and iOS!) This variable determines whether to use the newer background formatting. In Clickteam Fusion 2.5 for build 295.10 and earlier, the background texture was flipped along the Y axis, but this was changed in build 296.1. Check this option if you are using an older build!</description>

                <type>int</type>

                <value>0</value>
            </parameter>

        <parameter>
            <name>/* */</name>
            <property>checkbox</property>
            <variable>___</variable>
        </parameter>

</effect>