<effect>
	<Name>Light</Name>
		<description>Light - This shader calculates so blend and base to simulate light. I recommend using a white-black or white-transparent gradient</description> 
			<author>Foxioo</author>
			<copyright>Copyright (C) 2024 Foxioo</copyright>
			<website>https://github.com/FoxiooOfficial</website>
				<BackgroundTexture>1</BackgroundTexture>

		<parameter>
			<name>/* Foxioo Light (Background) Shader | 1.5 (21.06.2024) */</name>
			<property>checkbox</property>

			<variable>_</variable>

			<description>This shader calculates so blend and base to simulate light. I recommend using a white-black or white-transparent gradient</description>
		</parameter>

			<parameter>
				<name>Threshold</name>
				<variable>_Threshold</variable>

				<description>Sets how visible the border of the transition of light colors to dark colors should be</description>

				<type>float</type>
				<value>0.275</value>
				<min>0</min>
				<max>1</max>

				<property>SPIN</property>
				<delta>0.1</delta>
			</parameter>

			<parameter>
				<name>Mixing Background Brightness</name>
				<variable>_Mixing_Brightness</variable>

				<description>This variable sets how base colors is to be multiplied</description>

				<type>float</type>
				<value>1</value>
			</parameter>

			<parameter>
				<name>Brightness</name>
				<variable>_Brightness</variable>

				<description>This variable sets how strong the light should be</description>

				<type>float</type>
				<value>1</value>
			</parameter>

			<parameter>
				<name>Mixing</name>
				<variable>_Mixing</variable>

				<description>This variable sets the color multiplication</description>

				<type>float</type>
				<value>1</value>
				
			</parameter>

			<parameter>
				<name>Alpha</name>
				<variable>_Alpha</variable>

				<description>This variable sets the color multiplication alpha</description>

				<type>float</type>

				<value>1</value>
				<min>0</min>
				<max>1</max>

				<property>SPIN</property>
				<delta>0.1</delta>
			</parameter>

		<parameter>
			<name>/*  */</name>
			<property>checkbox</property>

			<variable>__</variable>
		</parameter>

</effect>