<effect>
	<Name>Enchantment Glint (Switch)</Name>
		<description>The shader gives a glint effect similar to the Minecraft game. Special thanks to Daniel Ilett</description> 
			<author>Foxioo, Special thanks to Daniel Ilett</author>
			<copyright>Copyright (C) 2024-2025 Foxioo</copyright>
			<website>https://github.com/FoxiooOfficial</website>
				<BackgroundTexture>1</BackgroundTexture>
			
		<parameter>
			<name>/* Foxioo Enchantment Glint (Switch) Shader | 1.1 (25.01.2025) */</name>
			<property>checkbox</property>

			<variable>_</variable>

			<description>The shader gives a glint effect similar to the Minecraft game. Special thanks to Daniel Ilett</description>
		</parameter>

			<parameter>
				<name>( Position )</name>
				<property>checkbox</property>
				<description>Here are the variables for changing the position in the rainbow.</description>
				<variable>__</variable>
			</parameter>

			<parameter>
				<name>Position X</name>
				<variable>_PosX</variable>
				
				<description>A variable that determines the position of the rainbow in the X axis.</description> 

				<type>float</type>

				<value>1</value>
			</parameter>


			<parameter>
				<name>Position Y</name>
				<variable>_PosY</variable>
				
				<description>A variable that determines the position of the rainbow in the Y axis.</description> 

				<type>float</type>

				<value>1</value>
			</parameter>

			<parameter>
				<name>( Rotation )</name>
				<property>checkbox</property>
				<description>Here are the variables for changing the rotation in the rainbow.</description>
				<variable>___</variable>
			</parameter>
	
				<parameter>
					<name>Rotation X</name>
					<variable>_RotX</variable>
					<description>A variable that determines rotation in the X axis.</description>
	
					<type>float</type>
	
					<value>0</value>
				</parameter>

				<parameter>
					<name>( Points Position )</name>
					<property>checkbox</property>
					<description>Here are the variables for changing the position of point.</description> 
					<variable>____</variable>
				</parameter>
		
					<parameter>
						<name>Point X</name>
						<variable>_PointX</variable>
						<description>A variable that determines point position in the X axis.</description>
		
						<type>float</type>
		
						<value>0</value>
					</parameter>
		
					<parameter>
						<name>Point Y</name>
						<variable>_PointY</variable>
						<description>A variable that determines point position in the Y axis.</description>
		
						<type>float</type>
		
						<value>0</value>
					</parameter>

		<parameter>
			<name>( Scale )</name>
			<property>checkbox</property>
			<description>Here are the variables that determine the scale and offset of the texture.</description>
			<variable>_____</variable>
		</parameter>

			<parameter>
				<name>Scale</name>
				<variable>_Scale</variable>
				<description>This variable determines the overall scale of the texture (in X and Y axes).</description>

				<type>float</type>

				<value>15.5</value>
			</parameter>


			<parameter>
				<name>Scale X</name>
				<variable>_ScaleX</variable>
				<description>This variable determines the scale of the texture in the X axis.</description>

				<type>float</type>

				<value>1</value>
			</parameter>


			<parameter>
				<name>Scale Y</name>
				<variable>_ScaleY</variable>
				<description>This variable determines the scale of the texture in the Y axis.</description>

				<type>float</type>

				<value>1</value>
			</parameter>

				<parameter>
					<name>( Rendering Options )</name>
					<property>checkbox</property>
					<description>Here are the options for how the texture should be rendered.</description>
					<variable>______</variable>
				</parameter>

					<parameter>
						<name>Blending Mode</name>
						<variable>_Blending_Mode</variable>

						<description>This variable manages which color will be reduced. Set to 0 is the blend color will be reduced and set to 1 is the base color will be reduced.</description>
					
						<type>bool</type>
						<property>checkbox</property>
					
						<value>0</value>
					</parameter>
				
					<parameter>
						<name>Mixing</name>
						<variable>_Mixing</variable>

						<description>This variable is responsible for the visibility of the effect.</description>
					
						<type>float</type>
					
						<value>1</value>
					</parameter>

					<parameter>
						<name>Intensity</name>
						<variable>_Intensity</variable>

						<description>This variable determines what is the potency of the glint, the smaller it is the pattern is more intense.</description>
					
						<type>float</type>
					
						<value>15</value>
					</parameter>

					<parameter>
						<name>Glint Color</name>
						<variable>_Color</variable>
						
						<description>This variable determines the glint color.</description>
		
						<type>int_float4</type>
						<property>color</property>
		
						<value>16734207</value>
					</parameter>

		<parameter>
			<name>( Compatibility )</name>
			<property>checkbox</property>
			<description>Here you will find options that have changed, but you can still achieve the previous effect.</description>

			<variable>_______</variable>
		</parameter>
            <parameter>
                <name>Is Fusion Version Older Than 296?</name>
                <variable>_Is_Pre_296_Build</variable>
                <property>checkbox</property>
                
                <description>(Only applies to Android and iOS!) This variable determines whether to use the newer background formatting. In Clickteam Fusion 2.5 for build 295.10 and earlier, the background texture was flipped along the Y axis, but this was changed in build 296.1. Check this option if you are using an older build!</description>

                <type>int</type>

                <value>0</value>
            </parameter>

        <parameter>
            <name>/* */</name>
            <property>checkbox</property>
            <variable>________</variable>
        </parameter>

</effect>