<effect>
	<Name>VHS (Background)</Name>
		<description>This shader simulates the analog image from VHS tapes. Special thanks to JargeZ, rgm89git, SergeyMC9730, zhuker, and constanton for the "ntscqt" project (https://github.com/JargeZ/ntscqt).</description> 
			<author>Foxioo, JargeZ, rgm89git, SergeyMC9730, zhuker, constanton</author>
			<copyright>Copyright (C) 2024-2025 Foxioo</copyright>
			<website>https://github.com/FoxiooOfficial</website>
				<BackgroundTexture>1</BackgroundTexture>
			
		<parameter>
			<name>/* Foxioo VHS (Background) Shader | 1.0 (06.09.2025) */</name>
			<property>checkbox</property>

			<variable>_</variable>

			<description>This shader simulates the analog image from VHS tapes. Special thanks to JargeZ, rgm89git, SergeyMC9730, zhuker, and constanton for the "ntscqt" project (https://github.com/JargeZ/ntscqt).</description>
		</parameter>

		<parameter>
			<name>( Result )</name>
			<property>checkbox</property>
			<description></description>

			<variable>__</variable>
		</parameter>

			<parameter>
				<name>Mixing</name>
				<variable>_Mixing</variable>
				
				<description>This variable is responsible for the visibility of the effect.</description>

				<type>float</type>

				<value>1</value>
			</parameter>

			<parameter>
				<name>Ringing</name>
				<variable>_RingingMixing</variable>
				
				<description>This variable is responsible for Ringing visibility.</description>

				<type>float</type>

				<value>1.05</value>
			</parameter>

		<parameter>
			<name>( Rainbow )</name>
			<property>checkbox</property>
			<description></description>

			<variable>___</variable>
		</parameter>


			<parameter>
				<name>Rainbow Frequency</name>
				<variable>_RainbowFreq</variable>
				
				<description>This variable is responsible for the frequency of rainbows.</description>

				<type>float</type>

				<value>100</value>
			</parameter>

			<parameter>
				<name>Rainbow Strength</name>
				<variable>_RainbowStrength</variable>
				
				<description>This variable is responsible for the visibility of rainbows, which depends on the brightness of colors.</description>

				<type>float</type>

				<value>0.15</value>
			</parameter>

		<parameter>
			<name>( Coloristic )</name>
			<property>checkbox</property>
			<description></description>

			<variable>____</variable>
		</parameter>

			<parameter>
				<name>Saturation</name>
				<variable>_Saturation</variable>
				
				<description>This variable changes the color Saturation. (Range from 0 to 100)</description>

				<type>float</type>

				<value>80</value>
			</parameter>

			<parameter>
				<name>Value</name>
				<variable>_Value</variable>
				
				<description>This variable changes the color Value. (Range from 0 to 100)</description>

				<type>float</type>

				<value>50</value>
			</parameter>

		<parameter>
			<name>( Noise )</name>
			<property>checkbox</property>
			<description></description>

			<variable>_____</variable>
		</parameter>

			<parameter>
				<name>Seed</name>
				<variable>_Seed</variable>
				
				<description>This variable is responsible for the noise seed.</description>

				<type>float</type>

				<value>0</value>
			</parameter>

			<parameter>
				<name>Rainbow Error Noise</name>
				<variable>_RainbowErrorNoise</variable>
				
				<description>This variable is responsible for the visibility of color noise; the lower the value, the lower the probability of display.</description>

				<type>float</type>

				<value>0.0001</value>
			</parameter>

			<parameter>
				<name>Noise Big</name>
				<variable>_NoiseBig</variable>
				
				<description>This variable is responsible for the visibility of noise (the larger one)</description>

				<type>float</type>

				<value>1</value>
			</parameter>

			<parameter>
				<name>Noise Small</name>
				<variable>_NoiseSmall</variable>
				
				<description>This variable is responsible for the visibility of noise (the smaller one).</description>

				<type>float</type>

				<value>1</value>
			</parameter>


		<parameter>
			<name>( Compatibility )</name>
			<property>checkbox</property>
			<description>Here you will find options that have changed, but you can still achieve the previous effect.</description>

			<variable>______</variable>
		</parameter>

            <parameter>
                <name>Is Fusion Version Older Than 296?</name>
                <variable>_Is_Pre_296_Build</variable>
                <property>checkbox</property>
                
                <description>(Only applies to Android and iOS!) This variable determines whether to use the newer background formatting. In Clickteam Fusion 2.5 for build 295.10 and earlier, the background texture was flipped along the Y axis, but this was changed in build 296.1. Check this option if you are using an older build!</description>

                <type>int</type>

                <value>0</value>
            </parameter>

        <parameter>
            <name>/* */</name>
            <property>checkbox</property>
            <variable>_______</variable>
        </parameter>

</effect>