<effect>
	<Name>Arcus tangens</Name>
		<description>Arcus tangens - (The effect comes from the Krita) It divides the bottom layer by the top layer. It then divides it by Pi. It then uses this in the arcus tangent function and multiplies it by two</description> 
			<author>Foxioo</author>
			<copyright>Copyright (C) 2024 Foxioo</copyright>
			<website>https://github.com/FoxiooOfficial</website>
				<BackgroundTexture>1</BackgroundTexture>			

		<parameter>
			<name>/* Foxioo Arcus tangens (Background) Shader | 1.0 (23.06.2024) */</name>
			<property>checkbox</property>

				<variable>_</variable>

			<description>(The effect comes from the Krita) - It divides the bottom layer by the top layer. It then divides it by Pi. It then uses this in the arcus tangent function and multiplies it by two</description>
		</parameter>

			<parameter>
				<name>Blending Mode</name>
				<variable>_Blending_Mode</variable>

				<description>his variable decides which color the divider should be. When the option is off, the divisor is the base colors and when the option is on, the divisor is the blend colors</description>

				<type>int</type>
				<property>checkbox</property>

				<value>0</value>
			</parameter>
			
			<parameter>
				<name>Mixing</name>
				<variable>_Mixing</variable>
				
				<description>This variable sets the intensity of base visibility</description>

				<type>float</type>

				<value>1</value>
			</parameter>
	
		<parameter>
			<name>/*  */</name>
			<property>checkbox</property>

				<variable>__</variable>

		</parameter>

</effect>