<effect>
	<Name>Arcus Tangens (Background)</Name>
		<description>(The effect comes from the Krita) It divides the bottom layer by the top layer. It then divides it by Pi. It then uses this in the arcus tangent function and multiplies it by two</description> 
			<author>Foxioo</author>
			<copyright>Copyright (C) 2024 Foxioo</copyright>
			<website>https://github.com/FoxiooOfficial</website>
				<BackgroundTexture>1</BackgroundTexture>			

		<parameter>
			<name>/* Foxioo Arcus Tangens (Background) Shader | 1.1 (30.06.2024) */</name>
			<property>checkbox</property>

				<variable>_</variable>

			<description>(The effect comes from the Krita) - It divides the bottom layer by the top layer. It then divides it by Pi. It then uses this in the arcus tangent function and multiplies it by two</description>
		</parameter>

			<parameter>
				<name>Blending Mode</name>
				<variable>_Blending_Mode</variable>
				
				<description>This variable manages which color will be the divider. When this value is set to 0 then blend will divide base and when set to 1 then base will divide blend.</description>

				<type>bool</type>
				<property>checkbox</property>

				<value>0</value>
			</parameter>

			<parameter>
				<name>Mixing</name>
				<variable>_Mixing</variable>
				
				<description>This variable is responsible for the visibility of the effect.</description>

				<type>float</type>

				<value>1</value>
			</parameter>
	
		<parameter>
			<name>/*  */</name>
			<property>checkbox</property>

				<variable>__</variable>

		</parameter>

</effect>